T2 1.11496303878999 2.4920635823774253 -0.4173743693940868 -0.28891045690688966 -0.15242994882533067 2.2166306866222225 0.1021568981653088 1
N 190
-5 -3 -0.0002923297500003058 0.0001203063163577606 7.485007874181934e-5
-4 -3 -0.001300957502122592 0.0005151838352219386 0.00029560941534070156
-4 -2 -0.00617142586824904 0.0022878532950560827 0.000906122116050454
-4 -1 -0.008702323881870946 0.003042971568883806 0.0004512097148391188
-4 0 -0.007656873491851991 0.0026340533945057513 -0.00038170669215455225
-4 1 -0.006553332080545576 0.00221909800879946 -0.0009948075863622826
-4 2 -0.00544979066923916 0.001816063537572163 -0.0013824397454179516
-4 3 -0.004346249257932741 0.0014249499808238622 -0.0015446031693215588
-4 4 -0.003242707846626322 0.0010457573385545566 -0.001481297858073101
-4 5 -0.002139166435319903 0.0006784856107642477 -0.0011925238116725818
-4 6 -0.0010356250240134701 0.0003231347974529326 -0.0006782810301199973
-4 7 -0.00010607440690364733 3.2676166866953994e-5 -7.743736360989661e-5
-3 -1 -0.002115891847409835 0.0006144013509911305 6.180949656836988e-5
-3 0 -0.007802815846371065 0.002079996555655777 -0.00044724497088360747
-3 1 -0.010436031842757265 0.0026652816055261854 -0.0015991689633157106
-3 2 -0.010436031842757272 0.0026652816055261854 -0.0026652816055261854
-3 3 -0.010436031842757293 0.0026652816055261915 -0.0037313942477366687
-3 4 -0.010436031842757237 0.002665281605526178 -0.004797506889947123
-3 5 -0.010436031842757258 0.0026652816055261833 -0.005863619532157603
-3 6 -0.010436031842757293 0.00266528160552619 -0.006929732174368095
-3 7 -0.010262041048560669 0.0026123103372798473 -0.007856976966384014
-3 8 -0.009264574044157883 0.002313477519793477 -0.00803534672034767
-3 9 -0.008161032632851506 0.001993889449919159 -0.007910810375549403
-3 10 -0.007057491221545059 0.0016862222945238277 -0.007560805295599031
-3 11 -0.005953949810238626 0.001390476053607493 -0.006985331480496594
-3 12 -0.004850408398932249 0.0011066507271701653 -0.006184388930242167
-3 13 -0.003746866987625802 0.0008347463152118215 -0.005157977644835591
-3 14 -0.002643325576319383 0.0005747628177324773 -0.0039060976242769906
-3 15 -0.0015397841650129918 0.000326700234732134 -0.002428748868566357
-3 16 -0.00044228997021525385 9.179181639919571e-5 -0.0007364118230821365
-2 0 -5.316252089469092e-6 1.0818944019101175e-6 -5.353074553351427e-7
-2 1 -0.003122431528041425 0.0005767504547959393 -0.000527419879974503
-2 2 -0.00872311292880778 0.0013993752838579183 -0.002270287112945631
-2 3 -0.010436031842757282 0.0015991689633157134 -0.0037313942477366657
-2 4 -0.010436031842757251 0.001599168963315709 -0.004797506889947127
-2 5 -0.010436031842757269 0.0015991689633157117 -0.00586361953215761
-2 6 -0.010436031842757279 0.0015991689633157126 -0.006929732174368086
-2 7 -0.010436031842757293 0.001599168963315714 -0.007995844816578572
-2 8 -0.010436031842757258 0.0015991689633157108 -0.009061957458789025
-2 9 -0.010436031842757265 0.0015991689633157123 -0.010128070100999503
-2 10 -0.010436031842757265 0.001599168963315711 -0.011194182743209971
-2 11 -0.010436031842757293 0.0015991689633157145 -0.012260295385420483
-2 12 -0.010436031842757265 0.001599168963315711 -0.013326408027630946
-2 13 -0.010436031842757279 0.0015991689633157128 -0.014392520669841398
-2 14 -0.010436031842757279 0.0015991689633157123 -0.015458633312051884
-2 15 -0.010436031842757251 0.001599168963315709 -0.016524745954262333
-2 16 -0.010429984626248584 0.0015979357131272996 -0.01758037815109433
-2 17 -0.009768733185157419 0.0014655067754841377 -0.01745461639037213
-2 18 -0.008665191773851055 0.001253206935920786 -0.016366974071415855
-2 19 -0.007561650362544525 0.001052828010836409 -0.015053863017307231
-2 20 -0.0064581089512381895 0.0008643700002310557 -0.013515283228046904
-2 21 -0.004129951149480018 0.0005308541412782549 -0.009014866414619257
-1 2 -0.00014964987157180254 1.46471665931077e-5 -4.470070217974825e-5
-1 3 -0.00418706222996049 0.0003284438681810521 -0.0015460335149496832
-1 4 -0.009446301622564176 0.0005221608070719352 -0.004373302007315119
-1 5 -0.010436031842757269 0.0005330563211052372 -0.00586361953215761
-1 6 -0.010436031842757265 0.000533056321105237 -0.006929732174368081
-1 7 -0.010436031842757272 0.0005330563211052375 -0.007995844816578558
-1 8 -0.010436031842757279 0.0005330563211052375 -0.009061957458789039
-1 9 -0.010436031842757265 0.0005330563211052372 -0.010128070100999503
-1 10 -0.010436031842757258 0.000533056321105237 -0.011194182743209968
-1 11 -0.010436031842757286 0.0005330563211052375 -0.012260295385420459
-1 12 -0.010436031842757293 0.0005330563211052384 -0.013326408027630965
-1 13 -0.010436031842757265 0.0005330563211052367 -0.014392520669841397
-1 14 -0.010436031842757279 0.0005330563211052378 -0.015458633312051903
-1 15 -0.010436031842757251 0.0005330563211052355 -0.016524745954262315
-1 16 -0.010436031842757265 0.0005330563211052378 -0.01759085859647282
-1 17 -0.010436031842757279 0.0005330563211052372 -0.018656971238683335
-1 18 -0.010436031842757265 0.0005330563211052367 -0.019723083880893777
-1 19 -0.010436031842757251 0.0005330563211052361 -0.02078919652310422
-1 20 -0.010436031842757335 0.0005330563211052407 -0.021855309165314824
-1 21 -0.00952532179571258 0.00046781248792264783 -0.020880684621203304
-1 22 -1.2227761411628263e-5 4.3237634229269586e-8 -2.749070040776458e-5
0 4 -0.0004910918797344632 -3.808172454499458e-6 -0.00024393082539512159
0 5 -0.005251692931879531 -0.0001484765346607676 -0.002999684630723277
0 6 -0.009972381927640241 -0.0004891847598668477 -0.006639201790404072
0 7 -0.010436031842757279 -0.0005330563211052381 -0.007995844816578558
0 8 -0.010436031842757272 -0.0005330563211052372 -0.009061957458789039
0 9 -0.010436031842757265 -0.0005330563211052371 -0.010128070100999503
0 10 -0.010436031842757286 -0.0005330563211052378 -0.011194182743209985
0 11 -0.010436031842757286 -0.0005330563211052381 -0.012260295385420486
0 12 -0.010436031842757265 -0.000533056321105237 -0.013326408027630928
0 13 -0.010436031842757279 -0.0005330563211052378 -0.014392520669841405
0 14 -0.010436031842757293 -0.0005330563211052387 -0.015458633312051911
0 15 -0.010436031842757265 -0.0005330563211052367 -0.016524745954262343
0 16 -0.010436031842757251 -0.0005330563211052363 -0.017590858596472785
0 17 -0.010436031842757279 -0.0005330563211052384 -0.018656971238683335
0 18 -0.010436031842757265 -0.0005330563211052367 -0.019723083880893777
0 19 -0.010436031842757279 -0.0005330563211052384 -0.020789196523104254
0 20 -0.010436031842757348 -0.0005330563211052419 -0.021855309165314862
0 21 -0.010436031842757237 -0.0005330563211052349 -0.022921421807525173
0 22 -0.0013695012827883851 -8.925951541152201e-5 -0.003089165718156761
1 6 -0.0010296422765774457 -0.00011674623757623722 -0.0007153135406894549
1 7 -0.006316323633798596 -0.0008540107537295191 -0.004888373227295306
1 8 -0.010301353844036007 -0.0015721993021231078 -0.00895089859862449
1 9 -0.010436031842757265 -0.0015991689633157108 -0.010128070100999502
1 10 -0.0104360318427573 -0.0015991689633157145 -0.011194182743209996
1 11 -0.010436031842757272 -0.0015991689633157117 -0.012260295385420469
1 12 -0.010436031842757237 -0.0015991689633157082 -0.01332640802763089
1 13 -0.010436031842757279 -0.001599168963315711 -0.014392520669841416
1 14 -0.010436031842757293 -0.0015991689633157158 -0.015458633312051913
1 15 -0.010436031842757265 -0.001599168963315711 -0.016524745954262343
1 16 -0.010436031842757251 -0.0015991689633157084 -0.01759085859647279
1 17 -0.010436031842757307 -0.0015991689633157158 -0.018656971238683356
1 18 -0.010436031842757237 -0.0015991689633157082 -0.019723083880893735
1 19 -0.010436031842757251 -0.001599168963315711 -0.020789196523104223
1 20 -0.01043603184275732 -0.0015991689633157193 -0.021855309165314807
1 21 -0.010436031842757265 -0.0015991689633157074 -0.022921421807525166
1 22 -0.0036374848512098212 -0.0005766987681543276 -0.008241929387072614
2 8 -0.0017653010621007659 -0.0003866291436074338 -0.0015759367116507615
2 9 -0.007380954335717629 -0.001788158789025195 -0.007212099304665741
2 10 -0.010433217371751402 -0.0026644207048615114 -0.011191304568388355
2 11 -0.010436031842757224 -0.0026652816055261763 -0.012260295385420403
2 12 -0.010436031842757293 -0.0026652816055261915 -0.013326408027630956
2 13 -0.010436031842757265 -0.002665281605526183 -0.014392520669841416
2 14 -0.010436031842757293 -0.0026652816055261924 -0.015458633312051903
2 15 -0.01043603184275721 -0.002665281605526173 -0.016524745954262284
2 16 -0.01043603184275721 -0.002665281605526174 -0.017590858596472764
2 17 -0.010436031842757265 -0.002665281605526185 -0.018656971238683297
2 18 -0.010436031842757348 -0.0026652816055261993 -0.01972308388089387
2 19 -0.01043603184275721 -0.0026652816055261694 -0.020789196523104164
2 20 -0.010436031842757293 -0.002665281605526197 -0.02185530916531477
2 21 -0.01043603184275732 -0.0026652816055261924 -0.02292142180752525
2 22 -0.005905468419631327 -0.001527518353776797 -0.013445044520833352
3 10 -0.0026980682363043906 -0.0008759190053834095 -0.0029428882018670186
3 11 -0.008377525705665911 -0.0029229132460578816 -0.009887786671311342
3 12 -0.010436031842757293 -0.0037313942477366717 -0.013326408027630974
3 13 -0.010436031842757293 -0.0037313942477366657 -0.014392520669841424
3 14 -0.010436031842757265 -0.0037313942477366635 -0.015458633312051892
3 15 -0.01043603184275732 -0.0037313942477366683 -0.016524745954262388
3 16 -0.010436031842757265 -0.003731394247736658 -0.017590858596472806
3 17 -0.010436031842757265 -0.0037313942477366635 -0.018656971238683318
3 18 -0.010436031842757265 -0.00373139424773666 -0.01972308388089378
3 19 -0.010436031842757265 -0.003731394247736653 -0.020789196523104236
3 20 -0.010436031842757376 -0.0037313942477367004 -0.0218553091653149
3 21 -0.01043603184275721 -0.003731394247736644 -0.022921421807525114
3 22 -0.008173451988052804 -0.0029417182722789085 -0.01869851111943884
4 11 -6.805933197079339e-5 -2.8007394489927735e-5 -8.307619152327489e-5
4 12 -0.0037598844672175336 -0.0016190705432495612 -0.00485017968340296
4 13 -0.009179803157939703 -0.004171425050793663 -0.012695923127944436
4 14 -0.01043603184275732 -0.004797506889947151 -0.01545863331205193
4 15 -0.010436031842757265 -0.004797506889947136 -0.016524745954262333
4 16 -0.01043603184275732 -0.004797506889947151 -0.017590858596472875
4 17 -0.010436031842757376 -0.004797506889947165 -0.018656971238683442
4 18 -0.010436031842757099 -0.004797506889947077 -0.019723083880893538
4 19 -0.010436031842757432 -0.004797506889947188 -0.020789196523104476
4 20 -0.01043603184275721 -0.0047975068899471195 -0.021855309165314685
4 21 -0.01043603184275721 -0.004797506889947113 -0.022921421807525117
4 22 -0.010155229316099967 -0.004678005026034099 -0.023328792466195628
4 23 -0.0002862062403743426 -0.00014129349762659107 -0.0006735367166936975
5 13 -0.00033041258161603526 -0.00017087125750368283 -0.0004687407738574595
5 14 -0.004824515169136678 -0.002591696798007364 -0.007195386820559073
5 15 -0.009784972221533128 -0.005470371187732522 -0.015516542636155364
5 16 -0.01043603184275732 -0.005863619532157631 -0.017590858596472882
5 17 -0.010436031842757265 -0.0058636195321576145 -0.018656971238683318
5 18 -0.01043603184275732 -0.005863619532157621 -0.019723083880893815
5 19 -0.01043603184275721 -0.005863619532157589 -0.020789196523104184
5 20 -0.01043603184275721 -0.005863619532157587 -0.021855309165314658
5 21 -0.010436031842757432 -0.005863619532157677 -0.022921421807525433
5 22 -0.010436031842756988 -0.005863619532157509 -0.023987534449735226
5 23 -0.0022733872821386614 -0.0012966395757645448 -0.005368964261449134
6 15 -0.0007898742199415332 -0.0004919146045412407 -0.001276959785412123
6 16 -0.005889145871055601 -0.003792936868992005 -0.009975631438513377
6 17 -0.010193032896446463 -0.006757289542039272 -0.018232557332356444
6 18 -0.01043603184275721 -0.006929732174368051 -0.01972308388089372
6 19 -0.01043603184275732 -0.0069297321743681155 -0.02078919652310433
6 20 -0.01043603184275732 -0.006929732174368114 -0.021855309165314852
6 21 -0.010436031842757099 -0.0069297321743680045 -0.02292142180752495
6 22 -0.010436031842757432 -0.00692973217436816 -0.02398753444973593
6 23 -0.004541370850559945 -0.0030348678506950683 -0.01077348525458896
7 17 -0.0014464442469473981 -0.001053599550437966 -0.002624821089775372
7 18 -0.006953776572974801 -0.0052227907562036975 -0.013190913537266424
7 19 -0.010403985182679043 -0.007969717998878247 -0.020726879352958787
7 20 -0.010436031842757432 -0.007995844816578649 -0.021855309165314956
7 21 -0.010436031842757432 -0.007995844816578635 -0.022921421807525422
7 22 -0.010436031842757099 -0.007995844816578446 -0.023987534449735448
7 23 -0.006809354418981339 -0.005236476458505289 -0.016228357712573804
8 19 -0.0023001226626335747 -0.0019183882100291619 -0.004629412550535152
8 20 -0.00800020451236838 -0.006864495444267866 -0.01680223214366831
8 21 -0.01043603184275732 -0.009061957458789072 -0.022921421807525266
8 22 -0.01043603184275732 -0.009061957458789049 -0.023987534449735743
8 23 -0.009077337987402956 -0.007901465399195265 -0.02173358163540387
9 20 -1.8202762525509897e-5 -1.6763015374444273e-5 -3.900097314952477e-5
9 21 -0.0033327067044746084 -0.0031319796827757596 -0.007368821058130026
9 22 -0.00888157072315976 -0.008561526639120997 -0.02045503699823974
9 23 -0.01042490058469192 -0.010117798333685873 -0.025026364018183905
9 24 -0.0009204209711324296 -0.0009120363390788996 -0.0022627930048945144
10 22 -0.00020146725365322027 -0.00020681334018681405 -0.0004715531789278489
10 23 -0.004397337406393698 -0.004600311789449492 -0.010605584216668499
10 24 -0.0023684052534400646 -0.0025272590735628 -0.005844815587426268
T2 0.6079904582839026 1.3822716739664591 0.9905721774615472 0.45926486331516325 1.1787240719662826 1.4229113119497017 0.4706904101988909 2
N 6
1 1 0.02737476193745292 0.024395467670507084 0.0224537315279342 0.02177493335099971 0.019968378695388186 0.018618212298145528
1 2 0.11066024843749023 0.09020819627544147 0.13243192096194564 0.07422719837212327 0.1076276988472135 0.16028704611832362
2 0 3.979900357706234e-5 3.939055353182191e-5 1.858143419209794e-5 3.898637928916385e-5 1.839070461989231e-5 8.675623837573412e-6
2 1 0.04344871371139333 0.043263543914942554 0.03284890950589147 0.04312711294382892 0.03276340292869228 0.025476099701108288
2 2 0.08883232306482292 0.09221467439919827 0.10616787718477394 0.09602152457058159 0.11037148465064973 0.12848708360044966
2 3 0.0008136513766875408 0.0009172075300099928 0.0011518737164613417 0.0010349768681875426 0.001298514383495486 0.001630695182895418
T2 0.7796004937814087 0.6356533255639087 0.5688678786017289 0.6295656613715361 2.015775176896179 1.3169857541361005 0.38620227080286906 0
N 7
1 1 -0.00924256923303493
2 1 -0.01570934195942128
2 2 -0.015130668554867721
3 2 -0.019508154741873118
4 2 -0.004792751871460443
4 3 -0.0033700249771930757
5 3 -0.00027326272506189575
T2 -0.2756761644795054 -0.31439846406934047 1.2301283782790486 -0.17178334234084147 -0.20947537175946374 1.7103434763625098 0.23997955599886228 1
N 44
-2 -2 0.0025056226252638883 -0.0006448358070500147 -0.0006934767127467096
-2 -1 0.007041057379592656 -0.0017936185745693947 -0.0008825109826201445
-2 0 0.005158093444360936 -0.001293886313102037 0.0005812624165276249
-2 1 0.0032751295091292022 -0.0008089284484228786 0.0011412901173978318
-2 2 0.001392165573897465 -0.00033874498053192034 0.0007975721199904769
-2 3 5.393510443045535e-5 -1.2977085939187578e-5 3.9862619914946225e-5
-1 -2 0.014320494858638694 -0.0018273913249425477 -0.003869070672998138
-1 -1 0.05759018729741108 -0.006910233788762015 -0.006910233788762015
-1 0 0.057590187297411076 -0.006910233788762013 0.006910233788762013
-1 1 0.05759018729741107 -0.006910233788762013 0.020730701366286044
-1 2 0.0575901872974111 -0.006910233788762016 0.03455116894381008
-1 3 0.0570454538316464 -0.006780592612251997 0.047881882325724746
-1 4 0.05521642500084506 -0.006352935023876621 0.05959100312920118
-1 5 0.05332903916178225 -0.00592707091276855 0.07035015362737193
-1 6 0.028801513477233975 -0.004110297905381959 0.044007959447977106
-1 7 0.00037064685953064336 -7.488354949484154e-5 0.0006264002670626582
0 -2 0.008866113935639783 0.0009547647168425853 -0.0022966320720741585
0 -1 0.057590187297411076 0.006910233788762013 -0.006910233788762013
0 0 0.05759018729741108 0.006910233788762016 0.006910233788762016
0 1 0.05759018729741109 0.006910233788762018 0.020730701366286047
0 2 0.05759018729741108 0.006910233788762016 0.03455116894381008
0 3 0.05759018729741107 0.0069102337887620114 0.04837163652133409
0 4 0.05531277916885635 0.006408510038834571 0.05951802830564349
0 5 0.021405099928577448 0.0012911201995349474 0.027371932456992615
1 -2 0.0034117330126409023 0.0011190409343278408 -0.0008481634948855222
1 -1 0.05759018729741106 0.020730701366286033 -0.006910233788762012
1 0 0.05759018729741107 0.020730701366286044 0.006910233788762013
1 1 0.057590187297411076 0.020730701366286044 0.020730701366286044
1 2 0.057590187297411076 0.020730701366286044 0.03455116894381007
1 3 0.04887753999895743 0.016884273343321488 0.04044655849793418
1 4 0.010137560533783632 0.0028536220481728707 0.010281399084907236
2 -2 4.295615863087604e-5 2.1048454025455506e-5 -1.0349444074923183e-5
2 -1 0.05550458322842221 0.033195557817297834 -0.0064235492861193086
2 0 0.05759018729741109 0.03455116894381008 0.006910233788762016
2 1 0.05759018729741109 0.03455116894381008 0.020730701366286047
2 2 0.03828004788388285 0.021755342674997933 0.022095407604667574
2 3 0.0030322740841653983 0.0015242079898189625 0.00227305278923196
3 -1 0.05009315846405414 0.04196559041773278 -0.005233370200476261
3 0 0.05628172727695527 0.04713513523606822 0.006621741715757949
3 1 0.024828762844088456 0.019496502035847223 0.00805667503737467
3 2 8.924057972278798e-5 6.459530775578357e-5 4.328623143988536e-5
4 -1 0.03794884513469096 0.04029505153421072 -0.0038618746698912097
4 0 0.012596697245027003 0.012674674777686792 0.0007620469639718573
5 -1 0.0006406830862656226 0.0007752102905595985 -0.0001022295125994982
T2 0.5080258909322604 1.8647893707104632 2.018213610001153 2.2422509060021474 0.8448422314720252 0.9318746335398838 0.19816634810882477 2
N 37
2 8 -0.004519092143218606 -0.0026005468989381045 -0.007821448976883702 -0.0014973242809879263 -0.004499779386618598 -0.013543310221383562
2 9 -0.006771143425411186 -0.0037860532661054386 -0.012412414271778499 -0.002120103813720528 -0.0069400949793149425 -0.022758451366667903
3 5 -0.00228890726234382 -0.0017833197271382069 -0.002635593052489176 -0.001389619559918391 -0.0020531364241292475 -0.003036401430881385
3 6 -0.015145216285275598 -0.011384073738456355 -0.01974240072187765 -0.008567452481399873 -0.014831306028079985 -0.025780959322719104
3 7 -0.029323086992278646 -0.021031632150356572 -0.04381549938919316 -0.01514438303332911 -0.03140915598584575 -0.0655646180869924
3 8 -0.03898186555606348 -0.027064283658692328 -0.06568630280355724 -0.018916087084333164 -0.045602267243130636 -0.1108109037009497
3 9 -0.025300061586005507 -0.017709760607285133 -0.04675788358651169 -0.01247839048612185 -0.03274021357231028 -0.08645173217351332
4 4 -0.0021837295599173023 -0.0018678413863216798 -0.0021207931016197323 -0.0015981775499399593 -0.0018141217026894304 -0.0020600922068223205
4 5 -0.03309846394372168 -0.029302966982706874 -0.03648004735383956 -0.026034590692384663 -0.03231113022780498 -0.04030051545605779
4 6 -0.039269901522787865 -0.035018878389138225 -0.05058282433986629 -0.031356545034059 -0.04510716109407666 -0.06528329867746706
4 7 -0.039269901522787976 -0.035018878389138273 -0.05836479731523044 -0.03135654503405904 -0.052046724339319284 -0.08687305099599962
4 8 -0.039269901522787753 -0.03501887838913819 -0.0661467702905943 -0.031356545034058984 -0.05898628758456176 -0.11154705364575074
4 9 -0.03508642911017157 -0.031447644780041306 -0.06570227928655419 -0.02830017071380646 -0.05890233319920688 -0.12312813697687312
4 10 -2.888731626127239e-5 -2.847607235318082e-5 -5.728153079793269e-5 -2.8071053933938217e-5 -5.6466109207252424e-5 -0.00011358529848638776
5 5 -0.00396348792184531 -0.004038458509524061 -0.004588274071494078 -0.004116410163850966 -0.004675935415867115 -0.005313497933660367
5 6 -0.03202391823320483 -0.03446053471760933 -0.041660094171384686 -0.03717264981100054 -0.044857761522873886 -0.054289301331970914
5 7 -0.039269901522787753 -0.04280085136450221 -0.058364797315230275 -0.04677779669015353 -0.06361266308139012 -0.08687305099599946
5 8 -0.03926990152278809 -0.04280085136450249 -0.06614677029059472 -0.046777796690153785 -0.07209435149224253 -0.1115470536457513
5 9 -0.039269901522787865 -0.04280085136450228 -0.07392874326595851 -0.04677779669015362 -0.08057603990309424 -0.13930530662672133
5 10 -0.005660669744072311 -0.006331736147971445 -0.011318648099898423 -0.007096240033304085 -0.012662196862684274 -0.022632805758064898
6 6 -0.0022537756324548797 -0.0027274636072755105 -0.0030730558326736903 -0.003301214475701353 -0.0037192184659267133 -0.004190786582109656
6 7 -0.02914840815281261 -0.03699688345564959 -0.043817349654441694 -0.04703688507328644 -0.05564607220012315 -0.06595154384784097
6 8 -0.03926990152278809 -0.050582824339866585 -0.06614677029059472 -0.06528329867746736 -0.08520241539992296 -0.11154705364575128
6 9 -0.039269901522787753 -0.05058282433986625 -0.0739287432659584 -0.06528329867746703 -0.095226228976384 -0.13930530662672094
6 10 -0.015475924584499312 -0.02009633624765624 -0.03129263196606694 -0.026145141221834273 -0.04064131465076629 -0.06328375459374325
7 7 -0.0010234660288681585 -0.0014343214195221509 -0.001606221068811059 -0.002010212884765226 -0.002251073096275804 -0.0025209230943329572
7 8 -0.025793495386616794 -0.03769810593462133 -0.0440028540995786 -0.05516165556409728 -0.06434167120398915 -0.07513848030870374
7 9 -0.039269901522787753 -0.05836479731523022 -0.07392874326595829 -0.08687305099599933 -0.10987641804967378 -0.139305306626721
7 10 -0.025291179424926646 -0.03775104276231115 -0.051752769149900436 -0.05643106484530017 -0.07725931952560432 -0.10593742087434638
8 8 -0.00027255911108570174 -0.00043410361367983327 -0.0004838667573344529 -0.0006914021740604895 -0.0007706564346742411 -0.0008590046775042954
8 9 -0.021959179934616824 -0.03628913048710886 -0.04192051052936707 -0.06001859711488663 -0.06930196122864245 -0.08008359087707649
8 10 -0.03507822438405861 -0.059245684727591695 -0.07263753159914381 -0.10017744658638865 -0.12269580215993144 -0.15050776559548443
8 11 -2.820988129559332e-5 -5.017096434434496e-5 -6.152805225455305e-5 -8.922886334093716e-5 -0.00010942701001403117 -0.0001341977230611043
9 9 -1.054879106288098e-6 -1.8818571625997423e-6 -2.089875670153833e-6 -3.3571491519912336e-6 -3.728244820180917e-6 -4.140361143006981e-6
9 10 -0.017854415129744394 -0.03290761326308426 -0.03773120936762745 -0.06068399817271656 -0.06956039325867014 -0.07977579489025015
9 11 -0.00544283425006209 -0.010389303953184723 -0.011963799827990007 -0.01984410031627194 -0.022838425070637002 -0.02629827970898102
10 11 -0.0005789964473992271 -0.0011544302470885281 -0.0012886143903960052 -0.002301800091806361 -0.002569329117416095 -0.002867984240427751
T2 0.2147689116622038 -0.11701408207368802 0.2716496823597452 1.613654560739846 0.5886013944679824 2.194501815451068 0.17082466131992682 0
N 25
1 -1 -0.0008821929379562079
1 0 -0.004455896140235092
1 1 -0.008216161111358044
1 2 -0.011976426082481013
1 3 -0.015716570965100735
1 4 -0.01670150261240727
1 5 -0.015742427361904315
1 6 -0.014783352111401304
1 7 -0.013824276860898405
1 8 -0.01286520161039531
1 9 -0.009611924866952587
1 10 -0.000309666088187166
2 3 -2.0120088503230993e-5
2 4 -0.002795453412319668
2 5 -0.007514793633945582
2 6 -0.01223413385557151
2 7 -0.016953474077197467
2 8 -0.021672814298823395
2 9 -0.02639215452044935
2 10 -0.02403059207546243
2 11 -0.008436507193900933
2 12 -7.0809233838620145e-6
3 10 -0.0019499502697590265
3 11 -0.006649770048633541
3 12 -0.004007231815904344
T2 0.8521420913873359 2.449474059552032 0.18677737068992917 0.24696300567616336 1.017294655833245 0.5161414689613135 0.4744594471934279 1
N 11
0 0 0.04421746910114576 0.014921428828469738 0.016762061393887646
0 1 0.06988371475121621 0.02760422552899508 0.04704668781317967
0 2 0.009465994702541197 0.004252606699495093 0.009772361551867623
1 0 0.02780645437327249 0.01703246138871133 0.011948640757639281
1 1 0.22452390779627235 0.1596635781417126 0.15992686628612937
1 2 0.21703739615461407 0.15597771948790048 0.25610728559957646
1 3 0.1450419490074995 0.11082714861722408 0.23740871794918375
1 4 0.05780720516425086 0.04691730917208877 0.11997317336546336
1 5 0.0011540778282981279 0.000977005504046377 0.0027675049958153877
2 1 0.02234935308812122 0.021788253426345383 0.01562501240473794
2 2 0.0057733019935921615 0.005538834659385734 0.006185918701603433
T2 1.9994610105987647 1.5388223747248295 1.3908002297085658 -0.111964267896143 -0.37817905133877106 1.6983664547845025 0.14384267796185599 2
N 125
-3 11 -0.003915516019043858 0.0012445464575703419 -0.006521184910607307 -0.0003973603592478236 0.00207372937902651 -0.010862606546262596
-2 10 -0.00747816346195726 0.001377027247949569 -0.011524077177173042 -0.00025963719796761177 0.002125147670174347 -0.017765312087423563
-2 11 -0.014862514177675451 0.003206114570314632 -0.02431088613813222 -0.0007165869777700073 0.00524594771403451 -0.0397792156037044
-1 9 -0.00789017801188241 0.000326592613149046 -0.01101521634643024 -2.027762899700567e-5 0.0004594037426026599 -0.015385057830156035
-1 10 -0.02049282434891496 0.001460935965088805 -0.030964203777843757 -0.00013896782843565944 0.002208291415446321 -0.04682104752720042
-1 11 -0.013743669297913166 0.0010051055237797375 -0.02240332651590356 -9.718267712714044e-5 0.0016392001680604039 -0.036529798564140216
0 8 -0.008313240370913105 -0.0008425898378624013 -0.010400723329634893 -9.290431538879916e-5 -0.00105032757213567 -0.013020238751638302
0 9 -0.02055342561688432 -0.0014873543877447389 -0.028095474903116535 -0.00014269577020531945 -0.0020325286346436467 -0.038440133277019985
0 10 -0.020690716003238213 -0.0014881039994270075 -0.03125018398796716 -0.00014270190957555267 -0.002247555075814955 -0.047234332069507924
0 11 -0.012355283686752774 -0.000871966120877724 -0.020080571361816013 -8.281933093538937e-5 -0.0014164592869846324 -0.032643831010926716
1 7 -0.008747350539049292 -0.002135251245260187 -0.009675793539753397 -0.0005295280342748626 -0.0023576357239395184 -0.010711481927549818
1 8 -0.020602979075748165 -0.004451308726872807 -0.025196413564655715 -0.0009969853488031217 -0.005443326982045966 -0.030849228030338512
1 9 -0.0206907160032382 -0.004464311998281016 -0.028273975989113104 -0.0009989133670288673 -0.0061005066343548684 -0.03867221749497473
1 10 -0.020690716003238144 -0.004464311998281009 -0.031250183987967084 -0.000998913367028866 -0.00674266522744485 -0.04723433206950781
1 11 -0.010966898075592368 -0.0023496195568291425 -0.01777121706088684 -0.0005222819317807203 -0.0038067875207102655 -0.028802573096102773
2 6 -0.009192508516290998 -0.003556122749219725 -0.008835622389752273 -0.0013848610753325705 -0.0034133667515775803 -0.008502200475739944
2 7 -0.02064148472550642 -0.007426195912119948 -0.022271824349494762 -0.0027071683550358053 -0.008012511715995539 -0.02406637726947637
2 8 -0.02069071600323824 -0.007440519997135038 -0.02529776799025915 -0.0027113362819355022 -0.009097246735441484 -0.03096631437789495
2 9 -0.020690716003238213 -0.00744051999713504 -0.02827397598911313 -0.0027113362819354996 -0.010167511057258128 -0.03867221749497477
2 10 -0.02069071600323824 -0.007440519997135038 -0.031250183987967174 -0.002711336281935497 -0.011237775379074763 -0.047234332069507924
2 11 -0.009578512464431893 -0.003427854784074503 -0.01547526361311602 -0.0012432103253621144 -0.00553756737693232 -0.025005766126602255
3 5 -0.009648714302638306 -0.0051099354899164645 -0.00787540529259805 -0.0027163172407848233 -0.0041656232826883825 -0.006438593556227686
3 6 -0.020668942566159254 -0.01040728480331081 -0.01932651184466742 -0.005275875067164628 -0.009731234336857535 -0.018106840434584742
3 7 -0.020690716003238185 -0.010416727995989042 -0.022321559991405077 -0.005279970654295439 -0.011237775379074761 -0.024116622718268352
3 8 -0.020690716003238213 -0.010416727995989047 -0.025297767990259137 -0.0052799706542954435 -0.012736145429618075 -0.03096631437789492
3 9 -0.02069071600323824 -0.010416727995989064 -0.028273975989113187 -0.005279970654295456 -0.014234515480161391 -0.03867221749497484
3 10 -0.020690716003238185 -0.010416727995989035 -0.031250183987967105 -0.005279970654295439 -0.015732885530704652 -0.04723433206950786
3 11 -0.00819012685327164 -0.004106671802613898 -0.013192711018503852 -0.002073244357378587 -0.006614581699466733 -0.02125315140935935
4 3 -1.1830899870890477e-9 -8.50875201224032e-10 -6.806959251461238e-10 -6.119472013523035e-10 -4.895547144801756e-10 -3.9164133470050556e-10
4 4 -0.010115966715001118 -0.006801419756650579 -0.006790336980561168 -0.004584011233452784 -0.004559764044225526 -0.004569645979560378
4 5 -0.02068535259770643 -0.013389844260269892 -0.016365280637206967 -0.008703034250905295 -0.010593389756127196 -0.012983090923644552
4 6 -0.020690716003238213 -0.013392935994843064 -0.01934535199255109 -0.008704816484108716 -0.012522092565254746 -0.01812314251609518
4 7 -0.02069071600323824 -0.01339293599484308 -0.022321559991405115 -0.008704816484108717 -0.014448568344524714 -0.024116622718268397
4 8 -0.02069071600323824 -0.013392935994843086 -0.02529776799025918 -0.008704816484108728 -0.016375044123794685 -0.03096631437789496
4 9 -0.02069071600323824 -0.013392935994843085 -0.028273975989113173 -0.008704816484108731 -0.018301519903064646 -0.03867221749497481
4 10 -0.02069071600323824 -0.013392935994843083 -0.031250183987967195 -0.008704816484108722 -0.020227995682334608 -0.04723433206950798
4 11 -0.006801741242111137 -0.004386070612447145 -0.010923559277049784 -0.002840023873529074 -0.007043613332129138 -0.01754447025130725
5 2 -5.6867697537932305e-6 -4.901681759830745e-6 -2.447533467714848e-6 -4.224982737505098e-6 -2.1096370096999016e-6 -1.0533996005902752e-6
5 3 -0.01058858134980556 -0.008630406709588053 -0.005573166694532221 -0.0070465361218072274 -0.004536296183666858 -0.0029460763737785313
5 4 -0.020690716003238158 -0.016369143993697047 -0.013392935994843034 -0.012985873771375264 -0.010595616785984764 -0.008704816484108695
5 5 -0.02069071600323824 -0.016369143993697082 -0.016369143993697082 -0.012985873771375285 -0.012950198293981398 -0.012985873771375292
5 6 -0.02069071600323813 -0.016369143993697027 -0.01934535199255104 -0.012985873771375256 -0.015304779801977975 -0.01812314251609513
5 7 -0.02069071600323824 -0.01636914399369709 -0.022321559991405105 -0.012985873771375297 -0.017659361309974628 -0.02411662271826838
5 8 -0.02069071600323813 -0.016369143993697027 -0.02529776799025905 -0.01298587377137525 -0.020013942817971198 -0.03096631437789485
5 9 -0.02069071600323824 -0.016369143993697082 -0.02827397598911313 -0.012985873771375283 -0.022368524325967865 -0.03867221749497474
5 10 -0.02069071600323824 -0.01636914399369709 -0.03125018398796719 -0.012985873771375297 -0.024723105833964493 -0.04723433206950792
5 11 -0.005413355630950689 -0.004266051213574373 -0.008667808388754158 -0.0033711887195125765 -0.006830445118735466 -0.01387946395938013
6 1 -2.2420165523145963e-5 -2.2525367402461555e-5 -6.3993277719127245e-6 -2.263111749510084e-5 -6.429327336676787e-6 -1.8266001364737026e-6
6 2 -0.011055511581036265 -0.010588905485021555 -0.004217585586641302 -0.01015522909368752 -0.0040328820419431016 -0.0016227222244750608
6 3 -0.02069071600323824 -0.019345351992551104 -0.010416727995989056 -0.018123142516095193 -0.00973940532853147 -0.00527997065429545
6 4 -0.02069071600323824 -0.019345351992551107 -0.013392935994843086 -0.0181231425160952 -0.012522092565254751 -0.008704816484108724
6 5 -0.02069071600323813 -0.01934535199255104 -0.01636914399369703 -0.018123142516095134 -0.015304779801977982 -0.012985873771375259
6 6 -0.02069071600323824 -0.019345351992551107 -0.019345351992551107 -0.01812314251609519 -0.018087467038701302 -0.01812314251609519
6 7 -0.02069071600323824 -0.01934535199255112 -0.022321559991405115 -0.018123142516095193 -0.020870154275424588 -0.024116622718268418
6 8 -0.020690716003238352 -0.01934535199255118 -0.025297767990259245 -0.018123142516095245 -0.023652841512147926 -0.030966314377895033
6 9 -0.02069071600323802 -0.01934535199255098 -0.028273975989112948 -0.01812314251609509 -0.02643552874887099 -0.03867221749497455
6 10 -0.02069071600323824 -0.019345351992551107 -0.031250183987967195 -0.0181231425160952 -0.02921821598559443 -0.047234332069507966
6 11 -0.004024970019790408 -0.0037466136059956683 -0.006425458353617114 -0.00349437874102817 -0.005980859903101696 -0.01025787384051216
7 0 -5.020137039800365e-5 -5.7603047978487323e-5 -7.051476574979528e-6 -6.609630068625989e-5 -8.091004519604454e-6 -9.907639466991158e-7
7 1 -0.01151139400316148 -0.012669093208202564 -0.002724534887431823 -0.013957474711908113 -0.0029914172732163576 -0.0006595885133914
7 2 -0.02069071600323824 -0.022321559991405126 -0.007440519997135038 -0.024116622718268397 -0.008026982413624836 -0.0027113362819354996
7 3 -0.020690716003238185 -0.022321559991405077 -0.010416727995989037 -0.024116622718268362 -0.011237775379074761 -0.005279970654295443
7 4 -0.02069071600323824 -0.022321559991405115 -0.013392935994843072 -0.024116622718268397 -0.014448568344524716 -0.008704816484108714
7 5 -0.020690716003238185 -0.022321559991405063 -0.016369143993697058 -0.02411662271826835 -0.01765936130997461 -0.01298587377137528
7 6 -0.02069071600323824 -0.022321559991405126 -0.019345351992551125 -0.02411662271826841 -0.020870154275424598 -0.018123142516095193
7 7 -0.02069071600323813 -0.02232155999140506 -0.02232155999140506 -0.024116622718268328 -0.024080947240874465 -0.024116622718268334
7 8 -0.02069071600323813 -0.022321559991405043 -0.025297767990259058 -0.024116622718268355 -0.027291740206324383 -0.030966314377894866
7 9 -0.020690716003238352 -0.0223215599914052 -0.028273975989113232 -0.02411662271826845 -0.030502533171774454 -0.03867221749497487
7 10 -0.02069071600323813 -0.02232155999140506 -0.031250183987967084 -0.02411662271826835 -0.03371332613722427 -0.047234332069507855
7 11 -0.002636584408630016 -0.0028277577897108386 -0.00419650917163833 -0.003037233783774721 -0.004500640529043458 -0.006679441201636697
8 -1 -8.903038437838538e-5 -0.00011486586366333286 4.0060715660836547e-7 -0.00014819932932277902 5.172985877313174e-7 -2.7038987034543473e-9
8 0 -0.011956228616181189 -0.014866238738955635 -0.0010988191839373055 -0.018499738259941386 -0.0013587679726364485 -0.00011667702782998896
8 1 -0.020690716003238227 -0.025297767990259113 -0.0044643119982810215 -0.030966314377894943 -0.005458348041264888 -0.0009989133670288688
8 2 -0.020690716003238213 -0.02529776799025912 -0.007440519997135035 -0.030966314377894915 -0.009097246735441482 -0.002711336281935499
8 3 -0.02069071600323827 -0.02529776799025919 -0.010416727995989077 -0.030966314377895002 -0.012736145429618097 -0.00527997065429546
8 4 -0.020690716003238352 -0.025297767990259273 -0.013392935994843142 -0.0309663143778951 -0.016375044123794757 -0.008704816484108759
8 5 -0.02069071600323824 -0.02529776799025915 -0.016369143993697082 -0.030966314377894946 -0.02001394281797127 -0.012985873771375294
8 6 -0.020690716003238296 -0.02529776799025918 -0.019345351992551146 -0.03096631437789496 -0.023652841512147887 -0.018123142516095214
8 7 -0.02069071600323813 -0.02529776799025904 -0.02232155999140505 -0.03096631437789484 -0.027291740206324366 -0.024116622718268338
8 8 -0.02069071600323813 -0.02529776799025905 -0.02529776799025905 -0.030966314377894866 -0.030930638900500962 -0.030966314377894866
8 9 -0.020690716003238352 -0.025297767990259207 -0.028273975989113243 -0.030966314377895026 -0.03456953759467774 -0.038672217494974855
8 10 -0.02069071600323802 -0.025297767990258957 -0.03125018398796701 -0.030966314377894766 -0.03820843628885403 -0.0472343320695077
8 11 -0.001248198797469513 -0.001509483764719916 -0.0019809608428178597 -0.0018273936934512208 -0.002395569840376538 -0.0031439073496877176
9 -1 -0.008346865978811166 -0.011426217010160908 0.0003144390462941424 -0.01564958980949004 0.0004319996906715466 -1.7622691752940914e-5
9 0 -0.020636134300188513 -0.028195579632541934 -0.0014877909433200342 -0.038559615743070604 -0.0020330523996908833 -0.00014269921625194846
9 1 -0.0206907160032382 -0.028273975989113128 -0.004464311998281017 -0.038672217494974716 -0.006100506634354869 -0.000998913367028867
9 2 -0.020690716003238185 -0.028273975989113114 -0.007440519997135027 -0.03867221749497473 -0.010167511057258114 -0.002711336281935496
9 3 -0.020690716003238185 -0.02827397598911313 -0.010416727995989047 -0.03867221749497473 -0.014234515480161363 -0.005279970654295445
9 4 -0.020690716003238074 -0.02827397598911298 -0.013392935994842987 -0.03867221749497459 -0.01830151990306454 -0.008704816484108672
9 5 -0.02069071600323824 -0.028273975989113142 -0.016369143993697075 -0.038672217494974744 -0.02236852432596785 -0.012985873771375273
9 6 -0.02069071600323802 -0.028273975989112927 -0.01934535199255097 -0.03867221749497456 -0.02643552874887099 -0.018123142516095078
9 7 -0.020690716003238352 -0.02827397598911326 -0.0223215599914052 -0.038672217494974896 -0.030502533171774454 -0.024116622718268463
9 8 -0.02069071600323824 -0.02827397598911313 -0.025297767990259134 -0.03867221749497474 -0.0345695375946776 -0.030966314377894922
9 9 -0.02069071600323813 -0.028273975989113114 -0.028273975989113066 -0.03867221749497474 -0.03863654201758084 -0.038672217494974716
9 10 -0.020439996987044684 -0.027920559534873934 -0.03085396372314364 -0.03817393344507737 -0.04214503321858845 -0.04660817048773159
9 11 -0.00011053220250278883 -0.00014520798526231524 -0.00017503363197955238 -0.00019078236565421106 -0.0002299439028127422 -0.0002771751733757581
10 0 -0.0029564390477844343 -0.004298635028275322 -0.00030046487830911035 -0.006250533648249605 -0.00043735873884928844 -3.317041752398747e-5
10 1 -0.01053072169010727 -0.015550007699211665 -0.0023635971696012205 -0.022967560095661532 -0.0034933657999402985 -0.0005478674005973502
10 2 -0.018051649619611393 -0.027113276971551265 -0.006576048051864955 -0.04074917778733709 -0.009882272841521685 -0.002426064696618489
10 3 -0.02069071600323824 -0.031250183987967195 -0.010416727995989071 -0.04723433206950803 -0.015732885530704708 -0.005279970654295459
10 4 -0.020690716003238352 -0.03125018398796736 -0.013392935994843128 -0.04723433206950819 -0.020227995682334687 -0.008704816484108752
10 5 -0.02069071600323813 -0.03125018398796708 -0.01636914399369704 -0.04723433206950784 -0.024723105833964476 -0.012985873771375278
10 6 -0.020690716003238352 -0.0312501839879673 -0.01934535199255119 -0.047234332069508084 -0.029218215985594514 -0.018123142516095262
10 7 -0.02069071600323813 -0.031250183987967084 -0.02232155999140506 -0.047234332069507834 -0.03371332613722427 -0.024116622718268338
10 8 -0.02069071600323813 -0.03125018398796706 -0.025297767990259068 -0.047234332069507855 -0.038208436288854196 -0.03096631437789486
10 9 -0.020690716003238352 -0.03125018398796733 -0.02827397598911328 -0.04723433206950813 -0.04270354644048433 -0.03867221749497496
10 10 -0.01916214357838686 -0.028924865076587147 -0.02884025073261944 -0.04369451956589806 -0.04353266248659445 -0.043434833303813
11 2 -0.00010793641586842595 -0.00017110548154032854 -4.570701962757171e-5 -0.0002712442978028233 -7.245739448257192e-5 -1.935871755812807e-5
11 3 -0.005097734377614127 -0.008173178945376577 -0.0026578975318869713 -0.013105103269329435 -0.00426271541817599 -0.0013929451042267171
11 4 -0.01272659872298637 -0.02071676515200076 -0.008329272543908545 -0.033733185261302756 -0.013562580969835125 -0.005472607943109227
11 5 -0.019562115092776722 -0.03228915317714526 -0.01552800423517015 -0.053327343489533795 -0.02563380365106738 -0.012358593310535263
11 6 -0.02069071600323802 -0.034226391986820905 -0.019345351992550986 -0.05665265810149409 -0.0320009032223175 -0.01812314251609509
11 7 -0.020690716003238352 -0.03422639198682125 -0.02232155999140518 -0.05665265810149454 -0.03692411910267427 -0.024116622718268435
11 8 -0.02069071600323824 -0.0342263919868212 -0.02529776799025914 -0.05665265810149441 -0.041847334983030816 -0.030966314377894932
11 9 -0.02069071600323813 -0.03422639198682106 -0.028273975989113038 -0.05665265810149426 -0.04677055086338729 -0.038672217494974646
11 10 -0.017773757967226578 -0.029384544424332287 -0.02666490496327432 -0.04861075918254496 -0.04408284506862683 -0.04002644365424698
12 5 -0.0007933479755825035 -0.0013758039078526907 -0.0006673558752524483 -0.0023859099760762856 -0.0011573465744402767 -0.0005615623319375762
12 6 -0.00729361141049345 -0.012791362757545832 -0.006910808238877575 -0.02243556725481242 -0.012122118676475632 -0.006559525679806129
12 7 -0.014922475755865583 -0.026548766143286745 -0.01619011291552157 -0.04724836030595561 -0.028808675600617936 -0.017590602878710112
12 8 -0.02044052371904692 -0.0367358845027454 -0.025006789073411584 -0.06605656928721189 -0.04494343022426348 -0.0306278808813899
12 9 -0.02069071600323813 -0.037202599985675155 -0.028273975989113093 -0.06692719559093423 -0.05083755528629058 -0.03867221749497476
12 10 -0.016385372356066297 -0.02944480556337144 -0.024502960047087703 -0.05294107450637153 -0.044031307711314284 -0.036659918019343186
13 8 -0.0021108163821912385 -0.003974890752655187 -0.002657341073246546 -0.007485322704391728 -0.005004302145311186 -0.003346712580004065
13 9 -0.009489488443372718 -0.01807479010821174 -0.013058883943173857 -0.03443188419487858 -0.024876332410655132 -0.017986359926466813
13 10 -0.011706400585441479 -0.02253892603756032 -0.01748740438900868 -0.043408023318146194 -0.033670731369028595 -0.026133888254785298
T2 0.016829825786141228 1.012196879999131 -0.29875862418143884 0.2913023792603928 0.31962214664349475 2.41510987962885 0.4553022770353614 0
N 7
-1 0 -0.001971572610705123
-1 1 -0.026142957659526636
-1 2 -0.023216066015379476
0 2 -0.019434930620827254
0 3 -0.028179379266927318
0 4 -0.01256242872560892
0 5 -0.0007235751112880662
T2 2.421743672958949 0.7090388445038702 -0.4311039052631478 1.4924584342556246 1.3191117617477899 0.5038477745210912 0.2020190971441779 1
N 38
-3 7 0.00010630844329179157 -4.391177599866007e-5 0.00015785580249443967
-2 6 0.002309062043149984 -0.0005360699892034901 0.0032260114120628938
-2 7 0.005200533466847457 -0.0015401389073087014 0.007494354042825317
-1 6 0.018922129769467277 -0.0016762920008844024 0.025506836858087193
-1 7 0.0004327019728434939 -7.931715533585823e-5 0.0006141219222041509
0 5 0.005286002491514674 0.0008268174610058324 0.006271080044581471
0 6 0.025914065483109483 0.0025241009812887317 0.033241673470024186
1 5 0.027137524750141057 0.00861153496129012 0.030961471745499774
1 6 0.015907779456796473 0.0046318389377421705 0.019934277912331304
2 4 0.009478404807073126 0.005165654693367804 0.00924715735161541
2 5 0.04067525741107525 0.02054894840528618 0.04520061469926793
2 6 0.004736878221102525 0.0022071541153389357 0.005822175159084286
3 3 0.0002145890186314725 0.00017143263152458293 0.00017229060990843945
3 4 0.03221627774919428 0.023147445440776127 0.029873252717479485
3 5 0.03430490990373858 0.024067190314875784 0.03758980284362734
4 3 0.01467167997119373 0.013725905524323156 0.011213465437911541
4 4 0.04081171561094887 0.037101356732829764 0.03710135673282977
4 5 0.02309761732173521 0.020809045161430093 0.02467712437023276
5 2 0.001544573050892617 0.0018341245499781482 0.0009145930840735542
5 3 0.03617963573461802 0.04046952133448531 0.025937612340977984
5 4 0.04081171561094887 0.0453461026734586 0.037101356732829764
5 5 0.011890324739731728 0.013022725750290379 0.01238618616196254
6 2 0.01657482856071113 0.021917833932189462 0.009336325795784339
6 3 0.04081171561094876 0.053590848614087305 0.028856610792200865
6 4 0.03973150630654232 0.05209522551752815 0.036019012472511686
6 5 0.0017632414621346904 0.0022038551780158844 0.0017993324791348252
7 2 0.013278637026407636 0.01999118014600072 0.007599318383345784
7 3 0.04081171561094882 0.061835594554716246 0.02885661079220092
7 4 0.03028745518667375 0.04570115870964545 0.02677088727362545
8 2 0.005683899826352312 0.009632321815659789 0.003352912799165405
8 3 0.04081171561094871 0.0700803404953449 0.028856610792200827
8 4 0.019080162604670714 0.03257506246605326 0.016345169860728936
9 2 0.00023430699273385702 0.00042992967656989983 0.00014127411208481795
9 3 0.038666571244511894 0.07410005634031776 0.027536326169533092
9 4 0.007872870022667011 0.01492079196476633 0.006541192712956501
10 3 0.02774198519005644 0.058549855550039574 0.02003261285458922
10 4 0.00022973328779785085 0.0004672374741123142 0.0001865022220212051
11 3 0.009171111728553782 0.020990118483087572 0.006556668579344958
T2 1.7320160031162128 1.9158348073769464 1.6588670753684163 -0.3734461001096976 2.2603003663696954 0.357800692288069 0.4619435066591362 2
N 11
3 -1 0.04662432620804649 0.08126594985458897 -0.006454628102324338 0.14176816396398637 -0.01116576695457259 0.0012520046003983592
3 0 0.07834289806247896 0.1381125316942357 0.017832517726053952 0.2436703069766779 0.0314596069510046 0.005451327054802929
3 1 0.07152443312277906 0.12661959918210655 0.04929789237245874 0.22429803080139518 0.08729229154705849 0.035249280324572356
3 2 0.06470596818307961 0.11502602348858504 0.07446377581030916 0.2045849888300554 0.13239057638987847 0.0868426619517292
3 3 0.04522100155313846 0.08031828468462641 0.0710794084576406 0.14270934987611414 0.12619692923198242 0.11236181042038602
3 4 0.0008593414428419432 0.0014943806535032318 0.0016073646146032572 0.0025987314568897877 0.002795146702497827 0.003006733899815539
4 -1 0.008499676969183578 0.01604049337836259 -0.0004073199006660461 0.030278038206955776 -0.000764675884412974 2.927926003778482e-5
4 0 0.13607785887149776 0.2734565633604837 0.03695023151326998 0.5510215563424766 0.0749113654556066 0.012094870350269453
4 1 0.1380742997103681 0.2762374289358872 0.09288846254737958 0.5538200705424338 0.18542994503849983 0.0648891647620224
4 2 0.06571930320443364 0.12658147651228227 0.07311118670943939 0.24398230326010775 0.14064081345416302 0.08238509929991196
4 3 0.00603080838874015 0.011272130085400317 0.008736828832941015 0.021070007895749643 0.01632790813276767 0.012668957573333093
T2 2.4203605052649864 2.0716865339072665 0.08952048150206204 1.4387709057287161 0.4783190784020497 1.8580472665858254 0.4859254691470922 0
N 9
0 2 -0.0004976366760539169
0 3 -0.06286729972879443
1 3 -0.13276802406730193
2 3 -0.09240797086020647
2 4 -0.002218509698678206
3 3 -0.032761639475412
3 4 -0.023723297575055646
4 3 -3.8559138677563e-6
4 4 -0.018346473360391302
T2 0.9085985176381375 0.49514330963737474 2.342249133704736 2.381386087258191 0.3030485263446834 0.06947181058793528 0.37043077395261015 1
N 13
0 0 0.0009779618740200398 0.0003403014175072782 0.00010828497481577817
1 0 0.02350191090804858 0.01273799179008358 0.006504000867510505
1 1 0.01680664798725555 0.011484043674611775 0.007322470767280026
2 1 0.06053997979828726 0.05344330952202311 0.035878261397110915
2 2 0.026293315137298823 0.02731484971108228 0.021638981676052823
3 2 0.03946700066467046 0.0477123492313424 0.03874342640187031
3 3 0.0310183688505703 0.04290173634030615 0.037892508219634455
4 3 0.01800347963803839 0.027829818427605655 0.025147992630339972
4 4 0.02751400645889257 0.047274291422195615 0.044656983741656525
5 4 0.004769374716355523 0.008979895000722564 0.008640723077031887
5 5 0.0155449138618875 0.03159509390744375 0.03115402598406507
5 6 0.00023531410037813671 0.0005214004625814691 0.0005248251566696468
6 6 0.001302771359999344 0.002947484775796242 0.0029751166987548503
T2 1.6375382996008465 0.046228621908482426 2.446693787516046 2.235414005999073 0.5993471621309414 1.2746292050411439 0.12886990094038994 2
N 131
4 9 0.0016409884290259358 0.0010319984478622951 0.0020730552927861433 0.000649197161377441 0.0013036339747182363 0.0026192623126766053
4 10 8.378383243440313e-5 5.34847738109228e-5 0.00010823286101873091 3.4144376019643865e-5 6.909259933256208e-5 0.00013981678626017827
5 8 0.003493812778500971 0.002611986147523395 0.003946330984314225 0.001953875890357224 0.002949612123885552 0.004459064087631063
5 9 0.015006410221427846 0.010711710316389922 0.0184421221895613 0.007664928448852792 0.013160630104498633 0.02268366863396275
5 10 0.005521731990264733 0.004006475713732342 0.007258267488718703 0.002913114897659337 0.00526805862812009 0.009542700858322881
6 7 0.00554381061696152 0.004822126843522456 0.005503783146916796 0.004197276729236629 0.004785602645647008 0.005468085200754508
6 8 0.015999102697537015 0.013434414322067578 0.017556828513403806 0.011301975747808021 0.014740696470618464 0.01928746139179602
6 9 0.016607451368385873 0.013911303982655507 0.020331905820804203 0.011675848333689823 0.017031109478866446 0.024914605499448347
6 10 0.013956589661307084 0.011772391761184794 0.01876072678298697 0.009948513749189336 0.015828850542802475 0.02523417415365974
6 11 0.00020249637942826304 0.00018078625281527498 0.0002880321938749872 0.00016141248159164123 0.00025715384375469354 0.0004097012735350923
7 5 3.638319922483202e-5 3.741448696870445e-5 2.8019663581337523e-5 3.8475131039949054e-5 2.8813811995971838e-5 2.157885770562292e-5
7 6 0.0080285650830621 0.00796333738548228 0.00687589627816849 0.007904699315469837 0.006816533932357964 0.005896998429797712
7 7 0.016520655346781488 0.015972856393677654 0.015972792188968004 0.015465886555912564 0.015442845550869768 0.015465769870229198
7 8 0.016607451368385817 0.016051504595371708 0.018191705208087938 0.015537152507036037 0.01758272436077303 0.019950071562288885
7 9 0.01660745136838604 0.01605150459537184 0.020331905820804335 0.015537152507036139 0.01965128016792292 0.02491460549944847
7 10 0.016607451368385928 0.016051504595371798 0.022472106433520506 0.015537152507036115 0.021719835975072665 0.030430754318514497
7 11 0.006188988722820032 0.006074565640638459 0.008946052562094098 0.005969433093513892 0.008782522247601487 0.012933584085809413
8 4 0.00045711020371003164 0.0005259343265123876 0.00028952736339638946 0.0006051404734309374 0.00033310801499939385 0.0001834101500890519
8 5 0.010563732371542234 0.011757258230928533 0.007635911239015097 0.013096205868192686 0.00849349375596854 0.005532004054978276
8 6 0.016607451368385928 0.01819170520808802 0.013911303982655535 0.01995007156228894 0.015238361112670004 0.011675848333689842
8 7 0.016607451368385706 0.018191705208087865 0.016051504595371635 0.019950071562288816 0.017582724360772965 0.015537152507035986
8 8 0.01660745136838626 0.01819170520808826 0.01819170520808828 0.019950071562289146 0.019927087608876386 0.01995007156228916
8 9 0.016607451368385817 0.018191705208087938 0.02033190582080417 0.01995007156228887 0.022271450856979163 0.024914605499448312
8 10 0.016607451368385817 0.018191705208087966 0.022472106433520416 0.019950071562288913 0.02461581410508228 0.03043075431851443
8 11 0.014453586631767545 0.01590581801673426 0.02131546990847359 0.017523078421166648 0.02346100083953756 0.031451909313574104
8 12 0.00037275614152298964 0.0004276291549405037 0.0005788912029824576 0.0004906096475790281 0.0006641168468306258 0.0008990274889675945
9 3 0.0013489770350600394 0.001716953530425936 0.0006699644030284899 0.002185478231979106 0.0008526174576266796 0.0003329745544792129
9 4 0.012714555854761944 0.015711550312560805 0.0074996472504004685 0.019429427438657557 0.00926208975245069 0.00443928726051258
9 5 0.016607451368385928 0.02033190582080424 0.011771103369939298 0.024914605499448367 0.014410938789810082 0.008366159042250196
9 6 0.016607451368385928 0.02033190582080427 0.013911303982655535 0.024914605499448416 0.017031109478866487 0.011675848333689856
9 7 0.01660745136838604 0.020331905820804335 0.016051504595371857 0.02491460549944848 0.019651280167922943 0.015537152507036148
9 8 0.016607451368385706 0.020331905820804064 0.018191705208087845 0.02491460549944821 0.02227145085697907 0.019950071562288788
9 9 0.016607451368385928 0.02033190582080428 0.020331905820804252 0.02491460549944845 0.024891621546035653 0.024914605499448395
9 10 0.01660745136838604 0.020331905820804363 0.0224721064335206 0.024914605499448517 0.02751179223509212 0.03043075431851459
9 11 0.016607451368385928 0.020331905820804252 0.02461230704623671 0.024914605499448367 0.030131962924148336 0.036498518019487114
9 12 0.0068562454553752206 0.008486612803649355 0.010809271145190813 0.010512903947406569 0.013381781588625593 0.01704426257073639
10 2 0.0027119836932749386 0.0037832179088101527 0.0009760596796572091 0.005278280566249775 0.0013611948863829191 0.0003522568350201461
10 3 0.014394239511116985 0.019574819618584382 0.006581663008741347 0.026637493904745485 0.008946184290925079 0.0030276087670672094
10 4 0.016607451368385928 0.0224721064335205 0.009630902757223078 0.030430754318514486 0.013031901585043582 0.005608084632717167
10 5 0.016607451368385928 0.022472106433520492 0.011771103369939301 0.030430754318514473 0.01592787971505327 0.008366159042250203
10 6 0.016607451368385817 0.022472106433520395 0.01391130398265547 0.030430754318514375 0.01882385784506289 0.0116758483336898
10 7 0.01660745136838604 0.022472106433520617 0.016051504595371868 0.03043075431851459 0.021719835975072727 0.015537152507036148
10 8 0.016607451368385817 0.022472106433520406 0.01819170520808795 0.030430754318514396 0.024615814105082234 0.01995007156228887
10 9 0.016607451368385928 0.02247210643352048 0.02033190582080426 0.030430754318514486 0.02751179223509202 0.024914605499448406
10 10 0.01660745136838604 0.022472106433520583 0.02247210643352059 0.03043075431851458 0.03040777036510181 0.030430754318514563
10 11 0.016607451368385706 0.022472106433520277 0.024612307046236497 0.030430754318514257 0.033303748495111106 0.03649851801948686
10 12 0.014899036387127529 0.020224315957325694 0.023914391315085326 0.027472674840905226 0.032465406816513366 0.03840288729987588
10 13 0.0005945631187180833 0.0008333576081284872 0.0010010054406861234 0.0011681346924900572 0.001403059070173245 0.001685311460837613
11 1 0.004546130178354549 0.00689747327176559 0.0010145420904620524 0.010466915541690573 0.0015381339484153425 0.00022912847947790271
11 2 0.015602783340607024 0.023174320338898196 0.005075229616858048 0.034440225189577796 0.007535521842623477 0.001671225208493509
11 3 0.016607451368385817 0.024612307046236608 0.007490702144506783 0.03649851801948697 0.011101249498370413 0.0034016251050907275
11 4 0.016607451368385928 0.02461230704623672 0.009630902757223066 0.036498518019487065 0.014273035069333438 0.005608084632717159
11 5 0.016607451368385928 0.0246123070462367 0.011771103369939306 0.03649851801948705 0.01744482064029641 0.008366159042250193
11 6 0.016607451368385817 0.024612307046236626 0.01391130398265549 0.03649851801948698 0.020616606211259336 0.011675848333689806
11 7 0.016607451368385817 0.024612307046236608 0.0160515045953717 0.03649851801948698 0.023788391782222324 0.015537152507036037
11 8 0.01660745136838604 0.024612307046236848 0.018191705208088087 0.036498518019487204 0.026960177353185472 0.019950071562288993
11 9 0.016607451368385817 0.024612307046236608 0.020331905820804158 0.03649851801948695 0.03013196292414827 0.024914605499448284
11 10 0.016607451368385817 0.024612307046236608 0.02247210643352039 0.03649851801948697 0.033303748495111224 0.03043075431851434
11 11 0.01660745136838604 0.02461230704623681 0.02461230704623683 0.03649851801948717 0.036475534066074435 0.036498518019487225
11 12 0.016607451368385817 0.024612307046236587 0.026752507658952818 0.03649851801948691 0.03964731963703716 0.04311789660236617
11 13 0.007523502187930298 0.011242617202764899 0.012847923238008707 0.01680948186900444 0.019201485245308608 0.02194393208196621
12 0 0.004148190872157037 0.006738480963593567 0.00042030634699552656 0.01094807882961596 0.0006823875819611108 4.4160530688561066e-5
12 1 0.016269573114176247 0.0262191760920675 0.003164058023442579 0.04227524442674483 0.005098412515544176 0.0006372106882595148
12 2 0.016607451368385956 0.026752507658953022 0.005350501531790605 0.0431178966023665 0.008618982529790745 0.0017467804593709242
12 3 0.016607451368385928 0.02675250765895298 0.007490702144506839 0.04311789660236646 0.012066575541707031 0.0034016251050907466
12 4 0.016607451368385873 0.02675250765895289 0.00963090275722304 0.04311789660236633 0.015514168553623272 0.005608084632717151
12 5 0.016607451368385928 0.02675250765895294 0.011771103369939294 0.0431178966023664 0.018961761565539595 0.008366159042250203
12 6 0.016607451368385817 0.026752507658952818 0.01391130398265548 0.04311789660236626 0.022409354577455815 0.011675848333689806
12 7 0.01660745136838604 0.026752507658953095 0.016051504595371847 0.04311789660236659 0.025856947589372282 0.015537152507036142
12 8 0.016607451368385928 0.026752507658952967 0.01819170520808802 0.04311789660236646 0.0293045406012885 0.01995007156228895
12 9 0.016607451368385928 0.026752507658952967 0.02033190582080428 0.0431178966023664 0.03275213361320478 0.024914605499448406
12 10 0.016607451368385595 0.026752507658952596 0.022472106433520173 0.04311789660236596 0.0361997266251207 0.030430754318514136
12 11 0.01660745136838626 0.026752507658953317 0.02461230704623707 0.04311789660236685 0.03964731963703775 0.03649851801948748
12 12 0.016607451368385817 0.026752507658952835 0.026752507658952835 0.04311789660236626 0.04309491264895343 0.04311789660236626
12 13 0.01529293892738659 0.024688541455016397 0.026537295450476076 0.03987681525737318 0.042844086006055375 0.04606823711304716
12 14 0.0008679173110142102 0.0014373157403220576 0.00157457045933219 0.0023804297770240457 0.002607611575573765 0.002856619957525989
13 1 0.002208714079581342 0.0037300273063237688 0.0004887860603383758 0.0062993876604193755 0.0008257220713470496 0.00010963434848730233
13 2 0.008276460956291726 0.0141435809660172 0.0027323875912388385 0.02417346684178351 0.004671376098592583 0.0009129985669257464
13 3 0.014352236782811945 0.024854592120975256 0.006535771724726588 0.04305815769931143 0.011321750720427126 0.002995747922739763
13 4 0.016607451368385928 0.028892708271669204 0.009630902757223078 0.05028889006715234 0.01675530203791319 0.005608084632717169
13 5 0.01660745136838604 0.02889270827166936 0.011771103369939362 0.050288890067152536 0.020478702490782864 0.008366159042250243
13 6 0.016607451368385817 0.028892708271669065 0.01391130398265547 0.05028889006715211 0.02420210294365228 0.011675848333689795
13 7 0.01660745136838604 0.028892708271669353 0.016051504595371868 0.050288890067152536 0.027925503396522083 0.015537152507036153
13 8 0.016607451368385817 0.028892708271669083 0.018191705208087938 0.05028889006715217 0.03164890384939147 0.019950071562288896
13 9 0.016607451368385817 0.028892708271669065 0.020331905820804158 0.05028889006715209 0.035372304302261015 0.024914605499448295
13 10 0.01660745136838604 0.028892708271669343 0.022472106433520572 0.050288890067152446 0.039095704755130856 0.030430754318514563
13 11 0.016607451368385817 0.028892708271669065 0.024612307046236626 0.05028889006715215 0.04281910520800023 0.036498518019487
13 12 0.016607451368385817 0.028892708271669083 0.026752507658952818 0.05028889006715209 0.04654250566086976 0.043117896602366236
13 13 0.016607451368385817 0.028892708271669065 0.028892708271669083 0.05028889006715215 0.05026590611373936 0.05028889006715215
13 14 0.008190758920485708 0.014342578837985565 0.015062008840548369 0.025125121267975503 0.02637728181176772 0.027701788388362292
14 3 6.258527924629664e-5 0.0001130569204727654 3.187752681423015e-5 0.00020423137019212612 5.758524490536802e-5 1.6237850509859552e-5
14 4 0.003945731799438967 0.007191392689612848 0.002354108129892729 0.013107497183389216 0.004291344602256479 0.0014088707292540155
14 5 0.010084092905205289 0.018600228453849444 0.007213369128024299 0.03431442510835539 0.013307644063515376 0.005173403492113811
14 6 0.01563558405474952 0.029162925400354034 0.013136344802546615 0.054413398261371225 0.02450368904447207 0.011057618178708983
14 7 0.016607451368385817 0.03103290888438533 0.016051504595371708 0.0580114984138446 0.029994059203671652 0.01553715250703605
14 8 0.01660745136838604 0.031032908884385618 0.018191705208088122 0.058011498413845064 0.033993267097494805 0.019950071562289038
14 9 0.016607451368385817 0.031032908884385296 0.020331905820804186 0.058011498413844675 0.03799247499131745 0.02491460549944835
14 10 0.01660745136838604 0.03103290888438559 0.022472106433520583 0.05801149841384503 0.04199168288514064 0.03043075431851458
14 11 0.016607451368385817 0.031032908884385313 0.024612307046236643 0.058011498413844675 0.045990890778963234 0.03649851801948708
14 12 0.01660745136838626 0.031032908884385868 0.026752507658953355 0.05801149841384549 0.049990098672786774 0.0431178966023669
14 13 0.01660745136838604 0.031032908884385608 0.02889270827166938 0.058011498413845154 0.05398930656660946 0.05028889006715261
14 14 0.01563529425254484 0.02925915038186407 0.029163986762300493 0.05477496857734868 0.054578502340312286 0.05441853701347114
14 15 0.0011928187184109262 0.0022788476794631065 0.002319781811265705 0.004353980404069591 0.004431959024999442 0.004511570487511644
15 6 0.000586869956222591 0.0011385226621356732 0.0005183852988824381 0.002208738306491098 0.0010056821507884266 0.0004579959793031228
15 7 0.005753363748352447 0.011262142631146888 0.0056266864547346584 0.022046986938674757 0.011015505225013711 0.005510005421186154
15 8 0.011891724854119268 0.023548129928593165 0.013092046765969126 0.0466398268390952 0.02592799509749084 0.014429618441729375
15 9 0.016386617699901018 0.03271870900583945 0.020073231919031775 0.06535071816149153 0.04008038016509033 0.024611592714425562
15 10 0.016607451368385817 0.03317310949710154 0.022472106433520416 0.06628572164244366 0.044887661015149925 0.03043075431851437
15 11 0.016607451368385817 0.03317310949710147 0.024612307046236587 0.06628572164244362 0.049162676349926014 0.03649851801948693
15 12 0.016607451368385817 0.03317310949710154 0.0267525076589528 0.06628572164244369 0.053437691684702325 0.043117896602366236
15 13 0.01660745136838604 0.0331731094971018 0.028892708271669343 0.06628572164244406 0.05771270701947887 0.050288890067152446
15 14 0.01660745136838626 0.033173109497102116 0.03103290888438585 0.06628572164244458 0.06198772235425546 0.05801149841384534
15 15 0.008858015653041118 0.017786497709311122 0.017451527952809482 0.0357257765539869 0.03504481988211924 0.034387027258787096
16 9 0.0016434682599850703 0.0034077920646030657 0.002066275133444826 0.00706629348439769 0.004284647768946807 0.0025986673727998733
16 10 0.007560995697266204 0.015824146559592207 0.010296960880735874 0.033120673507222476 0.02155198115069563 0.01403283124043282
16 11 0.013697243152912542 0.028982653949579773 0.020365154257189582 0.061339961062562044 0.043095042855313515 0.03029768466685334
16 12 0.016607451368385817 0.0353133101098177 0.026752507658952818 0.07511155975294918 0.05688528469661858 0.043117896602366236
16 13 0.016607451368385595 0.03531331010981742 0.028892708271668788 0.0751115597529487 0.06143610747234748 0.05028889006715176
16 14 0.016607451368385817 0.035313310109817676 0.031032908884385257 0.07511155975294918 0.06598693024807749 0.05801149841384438
16 15 0.015926102362602945 0.03389679860992745 0.03177426969821386 0.07216656036542135 0.06762956615125693 0.06341381452143291
16 16 0.0015692673409084534 0.0033972975534941607 0.0032568350488324607 0.007355315418706358 0.0070508396805956846 0.006759331299373912
17 11 2.113650120483257e-6 4.631440667820831e-6 3.266247883484605e-6 1.0148436034839356e-5 7.15701887319999e-6 5.047371829331714e-6
17 12 0.0032302665404131403 0.007129497955487085 0.005269472445729471 0.015735892015227373 0.011630792158710053 0.00859911558143245
17 13 0.009368627646179739 0.020877404474948198 0.016364931407896077 0.04652899435362645 0.03647054305296978 0.028598436809904038
17 14 0.015191281493405873 0.03418375423828801 0.028436562463784787 0.07693947769548588 0.06399139239709788 0.05325086294853191
17 15 0.01660745136838493 0.03745351072253263 0.03317310949710032 0.08448901274535947 0.07481276835858142 0.0662857216424421
17 16 0.009525272385596306 0.021574373816741172 0.020016480574791624 0.04887740213670525 0.04533974805047891 0.042068844462102385
18 14 0.00031570725854157544 0.0007339406005259971 0.0006059278815522262 0.0017062328559720268 0.0014086366701748232 0.0011629699573535064
18 15 0.005037898489327564 0.01179685832454617 0.01012903976094722 0.027624881653963335 0.02371952027422375 0.020371237428201534
18 16 0.010734171484267474 0.025390347053227846 0.022865236632267152 0.0600652791667885 0.054088374425190815 0.04871989741667566
18 17 0.0015464947490535508 0.003731064523410802 0.003411047092053291 0.009002079582508279 0.008229669116746533 0.0075237933229542015
T2 2.4509967718420045 1.7504895147332347 2.3462827227815675 1.7515454768079586 1.0939009353482878 -0.18941137827660515 0.47975213607154255 0
N 8
2 -1 0.0009745951269504866
2 0 0.006203231357536365
3 0 0.0049861791785454634
3 1 0.02369418711918403
3 2 0.005113268562569884
4 2 0.031085695139716263
4 3 0.028262839543504725
5 3 0.0019639634810539874
T2 -0.3740589297812027 0.15317445899853954 2.2192331202070132 0.05639967451787942 0.5422880665369321 -0.12423074140433954 0.3313614799118564 1
N 15
-2 0 -0.00024193269311732074 8.361047824246089e-5 -3.5887025297005685e-5
-1 0 -0.018326307236407446 0.002231594840410415 -0.0020210149779173953
0 -1 -0.006020869925226566 -0.0015948122948078838 0.00012117413528065217
0 0 -0.0414477976141821 -0.0070745529710205465 -0.002899218055784681
1 -1 -0.0336498903714095 -0.017269606357883462 0.0017700668981698716
1 0 -0.039984486285903204 -0.019760832762630538 -0.0024145206057850544
2 -1 -0.03095316822574578 -0.02531513360225555 0.0014632889703786402
2 0 -0.035887025305784026 -0.029615799476209303 -0.0019454248039249597
3 -1 -0.019126127522979274 -0.02185523124763668 0.0005695673022118942
3 0 -0.0317895643256648 -0.03675528472128127 -0.0015269962868924953
4 -1 -0.007299086820212818 -0.010557277472524928 9.797946753147787e-5
4 0 -0.02769210334554561 -0.04117928849784649 -0.0011592350546876628
5 -1 -8.11612341494617e-5 -0.00013551875425751926 1.1312347333012686e-7
5 0 -0.018985527248723294 -0.034173564328567656 -0.000793728764446402
6 0 -0.003871660720941965 -0.0079957161388714 -0.00019736807590313288
T2 0.597441837361399 1.8222740152583405 1.2384556493557546 2.32454101519353 -0.3326323049140396 0.6605292898048103 0.12378676967100732 2
N 34
-3 5 -0.0004849471008097628 0.00013812818741790536 -0.00034689406164583464 -3.948457430762482e-5 9.864756735585244e-5 -0.0002483234783314074
-3 6 -0.00020216807956367766 5.146507273889227e-5 -0.00015193402418667897 -1.310540491985085e-5 3.8673554847299826e-5 -0.0001141883255611689
-2 6 -0.002358566117115185 0.0004586480695844992 -0.0019311627121978887 -9.095568463137885e-5 0.00037361433658496317 -0.0015834303832443681
-2 7 -0.0010966209323595572 0.00015288799106963404 -0.0009717400395577273 -2.143167131744477e-5 0.000135381617660262 -0.0008612597365015238
-1 7 -0.003664103863378461 0.00029838405907171747 -0.0034708146827506885 -2.6506870953389233e-5 0.0002805220301173079 -0.003290359874687768
-1 8 -0.002701598222980498 6.55871853662337e-5 -0.0027576243413383397 -2.2908371080048286e-6 6.638305511391836e-5 -0.002815890551220314
0 8 -0.004259117171816727 -0.0001483009897294676 -0.00458904782602219 -7.279980088403249e-6 -0.00016137254810035377 -0.004946953224494774
0 9 -0.0050170999514264625 -0.00045585909103834383 -0.005796545681217143 -4.3816878093224565e-5 -0.0005285996867925537 -0.006700786828988017
1 9 -0.004143606042429943 -0.0006359853301520241 -0.004998903390323721 -9.941814542824275e-5 -0.0007682417498292225 -0.006032769278443599
1 10 -0.007820119938079254 -0.0016030668198483578 -0.010070050900737664 -0.0003344700648665215 -0.002068533300431494 -0.012975344958871602
1 11 -0.0002230061796181515 -5.380576496276148e-5 -0.0003054119101450747 -1.2986397457563268e-5 -7.369095161626302e-5 -0.0004182752883368432
2 10 -0.0035405766548362028 -0.0009730529804916679 -0.004718834534111653 -0.0002687382055730012 -0.001297568788458944 -0.0062906765525158476
2 11 -0.010370451082573479 -0.00330578681183169 -0.014692338533328195 -0.0010638161546165032 -0.004689317279764266 -0.020826783929500797
2 12 -0.0011862194596017617 -0.000423282465824671 -0.001783584038550538 -0.00015116639802678576 -0.0006365201432475681 -0.0026819688835813538
3 11 -0.002967229929783044 -0.0011759473650177973 -0.004329230813812865 -0.00046696511507002904 -0.0017162131241739668 -0.006317445674793985
3 12 -0.012129964090233814 -0.005281077783403364 -0.01875103867572344 -0.002312002018939267 -0.008169286106069387 -0.02899960763087683
3 13 -0.0029105682138787503 -0.0013749279619013274 -0.004766496732054953 -0.0006502579770070229 -0.0022521236291808016 -0.007807036790832167
4 12 -0.0024444942411981363 -0.0012657445963789385 -0.003875113824577045 -0.0006560219058626329 -0.002006842893058934 -0.0061436946417543215
4 13 -0.013077730587132741 -0.0072439968015719615 -0.021895005501820827 -0.004027029932576271 -0.012132522116635751 -0.03667177252541343
4 14 -0.005288535077600243 -0.0031068331919406425 -0.009362782471308858 -0.0018276831692344842 -0.005501758630301288 -0.016579371848944074
5 13 -0.001972369589081424 -0.001260889748251004 -0.0033756490456685376 -0.0008064654371035401 -0.0021581896093001824 -0.0057777758909336825
5 14 -0.013037740479759696 -0.00880183966001268 -0.02347324999654518 -0.005956748927088982 -0.015851071219693674 -0.04227616036890485
5 15 -0.004013401962616681 -0.0028454331317518213 -0.007558186317627076 -0.0020196473723317295 -0.005359519275289132 -0.014235257035311847
6 14 -0.001550855973432963 -0.00117982789430994 -0.002850001956351845 -0.0008978171987567424 -0.002168298726269169 -0.005237720493210626
6 15 -0.011490023834034302 -0.009199883290533025 -0.022082299106135368 -0.007378498151027861 -0.017686901690319945 -0.04245140678675735
6 16 -0.0017596424445852632 -0.0014854337468935368 -0.003515928207038064 -0.0012543946293674228 -0.002968205909302357 -0.007025419024266584
7 15 -0.0011799533942525864 -0.0010410041082316187 -0.002317338035891218 -0.0009185633115974303 -0.002044529636522278 -0.004551238152805087
7 16 -0.008975491581850514 -0.00832225001265613 -0.018316915812903123 -0.007726264798927435 -0.01699050196861308 -0.03738961833982588
7 17 -0.00042208749654371047 -0.000413372676276937 -0.0008918489322118547 -0.00040486305408387 -0.0008734448678056478 -0.0018844459294525273
8 16 -0.0008596618515404053 -0.000862863463691993 -0.0017968227635512164 -0.0008661545272120851 -0.0018035556718011454 -0.003755717207278908
8 17 -0.005494880841701466 -0.005779744672608858 -0.011843883130734013 -0.006085393367165621 -0.012462714480891923 -0.025533701842084467
9 17 -0.0005892442268033982 -0.0006630294876848625 -0.0013059794633667788 -0.0007460905828014832 -0.0014695338583494376 -0.0028945662281627863
9 18 -0.0015423086870327563 -0.0018000594614590582 -0.00348605914599337 -0.0021019321871393 -0.004069533114056732 -0.007880287358571417
10 18 -4.763501149085414e-8 -5.897517760913793e-8 -1.107123349740986e-7 -7.301502635283107e-8 -1.3706892173713934e-7 -2.573153816344354e-7
T2 1.6834132802680264 1.5472144574236255 1.071736947097439 1.0356389561900052 2.014786760265027 -0.35452355586759055 0.3628770206085229 0
N 14
2 2 0.0003297159866607613
3 1 0.021189152934629696
3 2 0.1032300182571696
3 3 0.041865704240845125
4 -1 0.0011850664761635932
4 0 0.05921462107294112
4 1 0.1273535471681465
4 2 0.12419726446773582
4 3 0.09590641601740779
4 4 0.006274032228644977
5 -1 0.03049596915801947
5 0 0.03883201372668177
5 1 0.015887122915564822
5 2 0.00042469972243053267
T2 -0.479382787436581 -0.3146895877529312 1.592585330596048 -0.03261506031235539 -0.2787319563232087 2.289911254916897 0.32756032963475984 1
N 39
-2 -1 0.042393474096114984 -0.01688552575819442 -0.006634390824642282
-2 0 0.037657169944315366 -0.014508267943190151 0.005941869788437405
-2 1 0.02939141767143541 -0.010954773659957165 0.014215565979733781
-2 2 0.021125665398555454 -0.007609859764687523 0.017074197092662516
-2 3 0.01285991312567561 -0.004473526257381261 0.014517763127223693
-2 4 0.00459416085279557 -0.0015457731380382849 0.006546264083417093
-2 5 1.287139890715494e-5 -4.222201690314241e-6 2.1159228391388316e-5
-1 -1 0.08900598204079477 -0.014976139395910927 -0.012119668783985302
-1 0 0.10729576955043255 -0.01757291882117746 0.017572918821177456
-1 1 0.10729576955043252 -0.017572918821177456 0.05271875646353235
-1 2 0.10729576955043248 -0.017572918821177445 0.08786459410588722
-1 3 0.10729576955043257 -0.01757291882117746 0.12301043174824226
-1 4 0.10729576955043252 -0.017572918821177456 0.15815626939059702
-1 5 0.10342698281018736 -0.016394238114590617 0.1860796987739851
-1 6 0.04649164523708549 -0.009293691686714269 0.09640252178582338
0 -1 0.07439890231359861 0.011786339495616527 -0.008476266397256535
0 0 0.10729576955043252 0.01757291882117745 0.017572918821177452
0 1 0.10729576955043249 0.017572918821177445 0.052718756463532336
0 2 0.10729576955043249 0.017572918821177442 0.08786459410588722
0 3 0.10729576955043255 0.01757291882117745 0.12301043174824218
0 4 0.1032372049168824 0.016352901234976274 0.15164493281236727
0 5 0.037764414916365036 0.0031053551552095555 0.06570473441101314
1 -1 0.05979182258640248 0.0289794186862608 -0.00548424563050164
1 0 0.10729576955043252 0.052718756463532336 0.017572918821177452
1 1 0.10729576955043249 0.05271875646353233 0.052718756463532336
1 2 0.10729576955043249 0.052718756463532336 0.08786459410588722
1 3 0.09433687620914505 0.04485333962591964 0.1068058875494342
1 4 0.020793759446787546 0.00807999167823444 0.02881955021294517
2 -1 0.04518474285920634 0.036603098176021934 -0.0031436064837206154
2 0 0.1072957695504326 0.08786459410588732 0.017572918821177463
2 1 0.10729576955043253 0.08786459410588726 0.052718756463532336
2 2 0.08041045950596676 0.06331025837474988 0.06376002793669117
2 3 0.008849191972650994 0.006149531633178616 0.009133108178118016
3 -1 0.030577663132010123 0.03465737796489978 -0.0014543489569134559
3 0 0.10725744853973165 0.12296032235558522 0.017560490960419138
3 1 0.06149627581804823 0.06715456998566582 0.027855787519253494
3 2 0.0019307124939553777 0.0019331719085000573 0.0013094026221747226
4 -1 0.0142064772834219 0.02030737650295515 -0.00039201825898754354
4 0 0.04068970064687519 0.056786399759002903 0.004310494469473338
T2 1.007556256035178 -0.2781538368002969 1.8871423309851316 -0.27981397469504676 1.597703532560728 0.11643132444175186 0.47512513306418724 2
N 4
2 -1 0.05852522844021771 0.07526928233604707 -0.010844678902732358 0.09737140203437084 -0.013758142295315065 0.002263946985304615
2 0 1.093106711691212e-6 1.5574285490566053e-6 4.4053229882788806e-10 2.2189818034474367e-6 6.277247542519514e-10 2.663079975197891e-13
3 -1 0.10041186989235851 0.16166949008756537 -0.015353809467935747 0.2615523870749571 -0.02495469188446089 0.0029832953161701057
3 0 0.015087478094527984 0.023657432372913012 0.0005855936690990377 0.03713914616294306 0.0009225626960609647 3.4090748618524485e-5
T2 2.1058246987495637 1.9096891371471871 1.7435030974738464 1.4429045321865879 0.33283486809869456 1.1276113653596613 0.3788050583938797 0
N 10
0 2 -8.553380935413801e-5
0 3 -0.00014438922568266177
1 3 -0.01940134199274468
2 3 -0.05062554886913734
3 3 -0.0615118072337264
3 4 -0.020337948511804038
4 3 -0.02436184489722315
4 4 -0.07664946066978762
5 4 -0.018819577774623175
5 5 -0.00018289056757869737
T2 0.869839676556913 0.5325447389225635 -0.2496751336537868 2.2904812579676523 0.7302618591891901 2.173007630357606 0.12941766119275383 1
N 69
-2 16 -0.0030865580596091957 0.00046396389305006095 -0.006689441176301369
-2 17 -0.0074010934198870115 0.0013137295858232055 -0.016621780543955134
-1 14 -0.0005843841288974277 5.314405507414292e-6 -0.0011260993754625877
-1 15 -0.008863932866652439 0.00034017819793885775 -0.017895850593522153
-1 16 -0.016443673697007416 0.0010463043985103893 -0.03513028190050597
-1 17 -0.008827253493576187 0.0005928554249663668 -0.01972318286058901
0 13 -0.004332231812017889 -0.00045339821763459447 -0.007680901271574318
0 14 -0.014362180876393321 -0.0010399388036895604 -0.027037002124025333
0 15 -0.01674893102860242 -0.0010838037406002352 -0.03359791595860726
0 16 -0.01674893102860242 -0.001083803740600235 -0.03576552343980776
0 17 -0.006819412478398151 -0.0004196220328122162 -0.01518435682259367
1 11 -0.0011859021269912673 -0.00029159020681749064 -0.0018175959135251576
1 12 -0.010362898253965053 -0.002230759616721975 -0.01687930964474305
1 13 -0.016696965331911312 -0.0032445450197682393 -0.02917505108332269
1 14 -0.01674893102860242 -0.0032514112218007033 -0.0314303084774068
1 15 -0.01674893102860242 -0.0032514112218007055 -0.03359791595860726
1 16 -0.016748931028602393 -0.0032514112218006985 -0.03576552343980777
1 17 -0.004811571463220088 -0.0009123993141283414 -0.010676681289908457
2 9 -9.327940470121865e-6 -3.610883409977721e-6 -1.2055173364663446e-5
2 10 -0.005779231502639232 -0.0020781373640590176 -0.00796834751257228
2 11 -0.01525962826561214 -0.005011913254124012 -0.02277337196671346
2 12 -0.01674893102860245 -0.005419018703001177 -0.027095093515005914
2 13 -0.01674893102860242 -0.005419018703001183 -0.02926270099620637
2 14 -0.016748931028602365 -0.005419018703001162 -0.031430308477406715
2 15 -0.01674893102860242 -0.005419018703001178 -0.03359791595860726
2 16 -0.016748931028602476 -0.005419018703001184 -0.03576552343980784
2 17 -0.0028037304480418856 -0.0008854764189819656 -0.006200156262533489
3 8 -0.0019980740037679467 -0.0010007454069129267 -0.00227451543259592
3 9 -0.011852535700807465 -0.0055566953298674185 -0.014686757954789872
3 10 -0.01674893102860253 -0.007586626184201682 -0.02275987855260504
3 11 -0.01674893102860242 -0.0075866261842016435 -0.0249274860338054
3 12 -0.01674893102860242 -0.007586626184201639 -0.027095093515005886
3 13 -0.01674893102860253 -0.007586626184201687 -0.029262700996206533
3 14 -0.016748931028602365 -0.007586626184201616 -0.03143030847740669
3 15 -0.016748931028602365 -0.00758662618420163 -0.03359791595860721
3 16 -0.016738154047824583 -0.007581095426687052 -0.03574181877625754
3 17 -0.0008066664136417434 -0.00034438410488778546 -0.0017784864040193034
4 6 -0.00017734406293190563 -0.00011386882117875423 -0.00015926507677223428
4 7 -0.007278196889951877 -0.004468351494410554 -0.007179488098644789
4 8 -0.015946421776148023 -0.009330245898682518 -0.017580363260583976
4 9 -0.016748931028602476 -0.009754233665402122 -0.020592271071404513
4 10 -0.01674893102860242 -0.009754233665402123 -0.022759878552604945
4 11 -0.016748931028602476 -0.009754233665402135 -0.024927486033805457
4 12 -0.016748931028602254 -0.009754233665402038 -0.02709509351500569
4 13 -0.01674893102860253 -0.009754233665402188 -0.0292627009962065
4 14 -0.016748931028602476 -0.009754233665402122 -0.03143030847740683
4 15 -0.01674893102860253 -0.00975423366540216 -0.03359791595860743
4 16 -0.01553697944628818 -0.009026763764704016 -0.033106081163522504
5 5 -0.0030208997592273967 -0.0022832853139149573 -0.0022476656887024777
5 6 -0.01318348496565841 -0.009534592770548724 -0.0111950959669846
5 7 -0.01674893102860253 -0.011921841146602627 -0.016257056109003593
5 8 -0.016748931028602365 -0.011921841146602552 -0.01842466359020396
5 9 -0.01674893102860242 -0.011921841146602585 -0.020592271071404458
5 10 -0.01674893102860231 -0.011921841146602524 -0.022759878552604845
5 11 -0.01674893102860242 -0.011921841146602594 -0.02492748603380542
5 12 -0.016629742917765866 -0.011829469791136263 -0.026896670807627556
5 13 -0.01545355368554946 -0.010923109642778725 -0.026984128330205432
5 14 -0.01402848076959351 -0.009838642012846871 -0.026309861850029648
5 15 -0.012603407853637782 -0.008769866466955845 -0.025266736162229825
5 16 -0.009370823711616794 -0.006467521673100836 -0.019898432619943156
6 4 -0.00361954439083928 -0.003048655190930935 -0.0022039663396986042
6 5 -0.009778836363993515 -0.00798627855152327 -0.006962814653540812
6 6 -0.008680133068638796 -0.007031920258839586 -0.007286487250152236
6 7 -0.007255060152682791 -0.005837608040622604 -0.007026627742146137
6 8 -0.005829987236726952 -0.0046589879064464395 -0.006397909026515838
6 9 -0.004404914320770892 -0.003496059856310871 -0.005400331103261065
6 10 -0.002979841404815109 -0.0023488238902162014 -0.004033893972382213
6 11 -0.0015547684888589375 -0.0012172800081620306 -0.0022985976338786795
6 12 -0.00024888368373987557 -0.0001937995656152089 -0.0003928647951297372
T2 1.731321351265656 2.4946916029195902 1.6299872620505882 2.449024261798994 -0.368918171013058 2.191963394035621 0.15319743648353149 2
N 18
-3 14 -3.0372308044979146e-5 9.938911754577931e-6 -6.674763016467633e-5 -3.258965579364346e-6 2.184132614060456e-5 -0.00014668789372122384
-2 14 -0.0003311855622606663 7.144933690244697e-5 -0.0007328648372080989 -1.5996619340174236e-5 0.00015802744667881008 -0.0016217328674191418
-1 14 -0.0006958782291189292 4.8647548597274464e-5 -0.0015537148038614155 -4.7306993251022e-6 0.00010843595222923196 -0.003469066411597277
0 14 -0.001060570895977192 -8.589420304196012e-5 -0.0023898027864452573 -9.010268308987565e-6 -0.0001938269759669195 -0.00538502660490033
1 14 -0.0014252635628354549 -0.00033217591801525115 -0.003241128784959546 -8.019015409845389e-5 -0.0007557646128425994 -0.007370569519609282
2 14 -0.0011660998526252797 -0.0004228785378701712 -0.0026712984178380492 -0.00015478031270540807 -0.0009688712146376788 -0.006119427346074217
2 15 -0.0006238563770684658 -0.00026731905845243063 -0.0014363943815663856 -0.0001148448717947176 -0.0006155090186930889 -0.003307223881931396
3 15 -0.002154648896552036 -0.001159959237964016 -0.004989494829779856 -0.0006286701873206268 -0.0026866771123643905 -0.011554227802370656
4 15 -0.002519341563410271 -0.00174146084293945 -0.00588653487608574 -0.0012086799903665661 -0.004069658524876378 -0.013754255314985567
5 15 -0.002884034230268284 -0.002434702411248813 -0.0067988129383218495 -0.0020610094214444895 -0.005740327745799498 -0.016027689838131156
6 15 -0.0032487268971266303 -0.0032396839428924427 -0.007726329016489027 -0.0032370133083612362 -0.0077056880500673275 -0.018375487444090455
7 15 -0.0036134195639851985 -0.004156405437870302 -0.008669083110587087 -0.004788046478923465 -0.009972742712612753 -0.020798604205144514
8 15 -0.0039781122308428785 -0.0051848668961814726 -0.009627075220614123 -0.00676546376093697 -0.012548495008367041 -0.02329799619357109
9 15 -0.0035831130829429014 -0.005187239006527085 -0.008734432427327965 -0.007515989904034626 -0.012645302784562884 -0.02129185485918006
9 16 -0.0007596918147585452 -0.001137829311300372 -0.001865872919245189 -0.0017046300781751549 -0.002794645427703024 -0.004582764622476532
10 15 -0.0008319898946691495 -0.0013055253298901264 -0.0020351986673396993 -0.0020491369185895816 -0.003193588509228573 -0.004978476219673918
10 16 -0.0033851170672996034 -0.005454112617621004 -0.008347371012134659 -0.008793273679821351 -0.013450020348518027 -0.02058406548817962
11 16 -0.00032641165616054124 -0.0005550809689266282 -0.0008113097728002135 -0.0009439843299911729 -0.0013796883642446616 -0.002016550384639696
T2 1.7067425153049358 2.135314159386075 2.416876656238322 0.5616632489371913 0.4565202288342942 0.024231653970265832 0.15496533411354296 0
N 100
2 0 -4.961316690044442e-5
3 0 -0.01258647597612957
3 1 -0.006232441978463024
4 0 -0.010028094542490498
4 1 -0.023985310339812257
4 2 -0.015996064422103523
4 3 -0.00277558976994402
5 0 -0.003444588060562692
5 1 -0.024014254776921998
5 2 -0.024014254776921998
5 3 -0.023013041532909728
5 4 -0.011566943406682018
5 5 -0.0006981176401095746
6 0 -1.7740152717937718e-6
6 1 -0.020873562340285076
6 2 -0.024014254776922067
6 3 -0.024014254776921984
6 4 -0.02401425477692204
6 5 -0.02066139264732275
6 6 -0.007137822391260484
6 7 -2.558895961790597e-8
7 1 -0.014291829873629036
7 2 -0.024014254776921956
7 3 -0.024014254776921984
7 4 -0.024014254776921984
7 5 -0.024014254776921984
7 6 -0.024014254776921984
7 7 -0.01693036368305112
7 8 -0.003390014992333379
8 1 -0.007708323391701161
8 2 -0.024014254776921956
8 3 -0.024014254776921984
8 4 -0.02401425477692204
8 5 -0.02401425477692193
8 6 -0.024014254776921984
8 7 -0.024014254776921984
8 8 -0.0233329411604275
8 9 -0.012501268256589149
8 10 -0.001021562083131089
9 1 -0.001481436370567052
9 2 -0.023657635316128384
9 3 -0.024014254776922095
9 4 -0.024014254776921873
9 5 -0.024014254776922095
9 6 -0.024014254776922206
9 7 -0.024014254776921762
9 8 -0.024014254776922206
9 9 -0.024014254776922206
9 10 -0.021272273054208313
9 11 -0.008072147241167782
9 12 -3.248925261334357e-5
10 2 -0.018555565204767588
10 3 -0.024014254776921984
10 4 -0.024014254776922095
10 5 -0.024014254776921984
10 6 -0.024014254776921984
10 7 -0.024014254776921984
10 8 -0.024014254776921762
10 9 -0.024014254776921984
10 10 -0.024014254776921984
10 11 -0.024014254776921984
10 12 -0.017832224869304802
10 13 -0.004065822726526225
11 2 -0.011972058722839685
11 3 -0.02401425477692193
11 4 -0.024014254776921984
11 5 -0.024014254776921984
11 6 -0.024014254776921873
11 7 -0.024014254776921984
11 8 -0.024014254776921984
11 9 -0.024014254776922206
11 10 -0.024014254776921984
11 11 -0.023119706761226988
11 12 -0.014192664599086413
11 13 -0.003543335598054087
12 2 -0.0053885522409118924
12 3 -0.02401425477692204
12 4 -0.024014254776921984
12 5 -0.024014254776921984
12 6 -0.024014254776922095
12 7 -0.024014254776921984
12 8 -0.024014254776921984
12 9 -0.02191587718437704
12 10 -0.011852012363785969
12 11 -0.0019097591086698618
13 2 -0.0003339076264489149
13 3 -0.022485392909457114
13 4 -0.024014254776922095
13 5 -0.024014254776921984
13 6 -0.024014254776921984
13 7 -0.020206487641102333
13 8 -0.009511360128485524
13 9 -0.0007729364502195857
14 3 -0.016235794053978236
14 4 -0.02399828374433033
14 5 -0.018007509163995405
14 6 -0.007170707893185302
14 7 -0.00014167375819362782
15 3 -0.005783314392128536
15 4 -0.0048460266904760685
T2 0.3045483180375297 0.5059101913080006 1.6365765910342693 0.953368276431158 0.9329139678312031 1.3466330646133111 0.38167289424357753 1
N 9
0 1 0.0029801355027411075 0.0010608230466740685 0.001635922933566304
1 1 0.055009034432630916 0.0312918398209654 0.0368375027598034
1 2 0.04747196958113234 0.032022219151038 0.04187740765188575
2 1 0.015887665597367706 0.013756570094202674 0.011580636486279711
2 2 0.1445131162653555 0.13778257227735738 0.13801676858143583
2 3 0.04538225982402855 0.044332218959209385 0.05525739944728721
3 2 0.09652923450839168 0.1256754729028183 0.09457895520313493
3 3 0.006173999607556491 0.007375247625555322 0.007240308606082546
4 2 0.005402257972737412 0.008445457474717111 0.0051944597898909125
T2 2.05740572019583 1.5661164069297584 -0.16217113230968905 0.7599719746714126 0.46438299650992576 0.6837584995403154 0.3712545353675285 2
N 14
-1 1 2.1058956232687664e-5 -1.3062082481659983e-7 1.5620577424495127e-5 1.2152881430052039e-9 -9.691323398027961e-8 1.1586640980795412e-5
-1 2 0.006354413270209774 -0.0003445085624988998 0.004912810081035953 2.794404801080376e-5 -0.00026519441203901603 0.0038000157514025148
0 1 0.00922306808149076 0.002230742152331329 0.006702101030858905 0.0006163040032314207 0.0016163383715769215 0.004871347129744265
0 2 0.05337985375816129 0.011457490033729029 0.0437538142967768 0.0030274215541917886 0.009494530346610502 0.03599456606134999
1 1 0.008059680785418105 0.0036309225111480254 0.005791643127504249 0.001653567162771885 0.002610567306404061 0.004163723703312834
1 2 0.09524077225015476 0.05353491820079744 0.08514812816771612 0.031129128111028737 0.04818088595026565 0.07675936583337495
2 2 0.06340274748145885 0.056626730319367234 0.06440446703004475 0.051212119635664494 0.05771163626058071 0.06568222074563974
2 3 0.01654407405580688 0.01676167874240293 0.01903073277987924 0.017065879187096688 0.01929625047125419 0.021902194487658316
3 2 0.004463836402917698 0.0051605640897334215 0.00486702580005353 0.00597003607977975 0.005627791371840783 0.005307858981323937
3 3 0.04919995598038018 0.06375653683783865 0.06015126073791315 0.0831400007888919 0.07814817046986232 0.07369342048959436
4 3 0.027291612431634915 0.044765575481260055 0.037520094915988865 0.07371404139856777 0.06167407522669363 0.05165724231654697
4 4 8.915079769522549e-5 0.0001648297588990102 0.00013262969229178856 0.0003047540446835112 0.0002452177673429208 0.00019731358917967137
5 3 0.0008291572491496702 0.0015542649372892782 0.0012229370974502357 0.002913625672562268 0.0022924480516902934 0.0018037715142599265
5 4 0.0030280123524892844 0.005864295024403887 0.004580679643865849 0.011363285881732299 0.008873721888242739 0.006930588983046253
T2 0.26987886983661746 1.835405301141745 1.9801338721495334 2.4918013216842163 0.2967630567423545 0.9617607162497395 0.20000435853919366 0
N 35
1 4 -0.000827830560704429
1 5 -0.01980115997889867
1 6 -0.022731492287459076
1 7 -0.0239624440562336
1 8 -0.02519339582500818
1 9 -0.007832529959886814
2 5 -0.011474272293745869
2 6 -0.03923379858369236
2 7 -0.040001743434674386
2 8 -0.04000174343467444
2 9 -0.024738692378289184
3 6 -0.014551537876220322
3 7 -0.03980010081407037
3 8 -0.040001743434674386
3 9 -0.03812720856759033
3 10 -0.0019641564646432075
4 7 -0.0179939369171207
4 8 -0.04000126958602235
4 9 -0.04000174343467444
4 10 -0.015442294251503452
5 8 -0.021637030881321073
5 9 -0.04000174343467422
5 10 -0.030794966905448584
6 8 -0.00016443853512604356
6 9 -0.025116160159047496
6 10 -0.03992546201887559
6 11 -0.006222177540516904
7 9 -0.0006935366800260301
7 10 -0.028230629827000087
7 11 -0.021498568778662852
8 10 -0.0015877682833513873
8 11 -0.02716237574311875
8 12 -0.0006670882913408782
9 11 -0.0028471333451034475
9 12 -0.005668672864394431
T2 2.1948104899024137 0.11136020393485935 0.9295849784817212 1.7096277117103948 2.053409938660722 1.6551966578624269 0.3111985555288042 1
N 19
2 5 -9.770353815219401e-6 -9.108498035640076e-6 -1.6686534787251073e-5
3 4 -0.023670620733669323 -0.027937600356069736 -0.034901796262929365
3 5 -0.03666865378360695 -0.04083457458232773 -0.05993885852015903
4 2 -9.221322146624189e-5 -0.00014311170586065597 -8.562070037398371e-5
4 3 -0.042092366830644545 -0.06186180147851398 -0.04783494678087911
4 4 -0.0950861237886812 -0.13340067126300933 -0.13339253046621588
4 5 -0.04071470241510644 -0.056894963735193545 -0.06601811987038714
5 1 -0.003737980772327565 -0.00688367166983106 -0.002205423501700457
5 2 -0.06218031688068704 -0.10911414596395508 -0.05035033647509235
5 3 -0.09684454096321427 -0.16575834692231317 -0.1054825844051084
5 4 -0.09684454096321438 -0.16575834692231328 -0.13562046566371086
5 5 -0.03602415841507689 -0.06153702246956597 -0.05814134357813935
6 0 -0.01267637043465969 -0.027014106285320822 -0.0031870857452920057
6 1 -0.07369381562493837 -0.15013406957571496 -0.035697696611057574
6 2 -0.08295361669726353 -0.16595693697828148 -0.06430758592352875
6 3 -0.07408358940770876 -0.1471568995905743 -0.08046144273557042
6 4 -0.06521356211815421 -0.12860968273406748 -0.0910946201875913
6 5 -0.019764074875439297 -0.038760793209561016 -0.03176982185172058
7 0 -0.0013016618899605314 -0.0028426517898627233 -0.00023174207717174822
T2 0.8684238570071909 0.5839214558821442 -0.29610509681136876 1.5457709102500061 0.7608980662421878 -0.020390681186754467 0.49540588962567067 2
N 8
-1 2 0.027797081521083206 -0.002591619842932618 0.0364578965749963 0.00035630054935343924 -0.0035309268236579003 0.048013824898103796
-1 3 0.0009501631288690582 -0.00024578204377878843 0.001431010995159752 6.378403082528087e-5 -0.00037034116166835784 0.0021553881529689234
0 0 0.005056987143008201 0.0023659932024130137 0.002298907800410671 0.0011088858770780432 0.0010741604571453782 0.0010492943308862406
0 1 0.11784095751905022 0.04085119489999764 0.09313789048728575 0.015267095650043161 0.03146030710538048 0.07560534779620931
0 2 0.053763283652570965 0.007186426717062526 0.05912681947923807 0.001368027032482173 0.007683828790537503 0.06531345341660018
1 -1 0.00017729505388249227 0.00013430458767097557 -1.205055639902118e-6 0.0001017409272049425 -9.138716338082897e-7 1.2285952682772235e-8
1 0 0.10821194361655626 0.07412729573684212 0.03439916759695199 0.051565907851270236 0.02329711181872457 0.012497939466048052
1 1 0.08978359033422659 0.05752598094977832 0.05690775220699376 0.03773179590267658 0.03610354389851946 0.03683891288194333
T2 2.0518172050041614 1.3067822712603405 0.7076564180540328 1.312328845505136 1.0084763801306367 1.5389552398399116 0.1727678942137402 0
N 14
4 7 -0.0077192833145802164
4 8 -0.001519482214498269
5 7 -0.012234600227991832
5 8 -0.019123937883736786
6 7 -0.01235776873831218
6 8 -0.022689479875267482
7 7 -0.012480937248632862
7 8 -0.016047286228914825
8 7 -0.012604105758953321
8 8 -0.00940509258256228
9 7 -0.012703819301110642
9 8 -0.0027863539043730956
10 7 -0.008971148069451651
11 7 -0.0025021210549522888
T2 2.2094742003551855 0.19743995216357124 1.8678802057377317 2.0172818036284337 1.2177957116804818 1.8399421008620944 0.4349799433753908 1
N 11
2 3 0.0005927894532433697 0.0007682679627321609 0.0010226499658297084
2 4 0.006732020450086917 0.008577396860956857 0.012160209077748415
3 2 0.032831746386084326 0.05494555474984749 0.03923432587098782
3 3 0.14313440010890788 0.22431011065474582 0.22193277485858495
3 4 0.0796556754324198 0.12314112605178192 0.14614314811483267
4 0 0.009543742446400105 0.020401628502755138 0.003566538051713586
4 1 0.08234941620586761 0.16599099336230735 0.05658401575278139
4 2 0.12823851749753234 0.24307584173635877 0.1387750089433435
4 3 0.09606392199921521 0.17787204456607783 0.14496320878212732
4 4 0.04047806777169227 0.07365325461872729 0.07542463116754565
5 0 0.0021942756215361237 0.0047976180767700565 0.0006098481465827236
T2 2.453810924551929 0.00719439700079616 1.5588649164462307 0.9797808267917152 0.8760309738606287 2.328328492839491 0.38797365738251066 2
N 12
2 4 -0.007794188379117939 -0.008825507976403755 -0.014631578945885645 -0.009996849790338611 -0.016563400707538922 -0.02748075750768551
2 5 -0.013082946208231139 -0.013470391329815978 -0.02707325513289997 -0.013910358104862778 -0.0278099720572403 -0.05613384395775537
2 6 -2.0524165922353177e-8 -1.798375321553182e-8 -4.7780343094846384e-8 -1.5757784389578496e-8 -4.1866251600357805e-8 -1.1123283633200584e-7
3 2 -0.007348981247998543 -0.011193515651171845 -0.008136274139832441 -0.017052312198366854 -0.012389671280635506 -0.009019760565036394
3 3 -0.05544785123383422 -0.07961871250496655 -0.0757995010414052 -0.11456374727964809 -0.10855726667383125 -0.10423413390561438
3 4 -0.03138918639108845 -0.03953543718300079 -0.052934091975250654 -0.0498947175417175 -0.06654686550983414 -0.08949912279450288
4 1 -0.0202784199619081 -0.03802653787354781 -0.014310391356798374 -0.07135025957909115 -0.02681196953073026 -0.010148464117888556
4 2 -0.07543845971400942 -0.12874618794382467 -0.07240179445178281 -0.22030427192192215 -0.12305207374342952 -0.07031923036034242
4 3 -0.00983595209834831 -0.01564349411925048 -0.012006028211087224 -0.024887349661966207 -0.019089495740404933 -0.014670695684142346
5 0 -0.01438027198676936 -0.03200304125020823 -0.004200558720421497 -0.0712630209969395 -0.009303862851164716 -0.0012834335800338225
5 1 -0.0333351384045083 -0.06794408407374787 -0.018060637343840613 -0.13861649794725592 -0.03665388420855211 -0.010043630596100988
6 0 -0.003049745905182616 -0.007227384231432321 -0.00034949929558253146 -0.0171303721202698 -0.0008248159618769549 -4.4748043558583084e-5
T2 0.038113285615643644 1.6586124030773326 -0.07652712890202551 1.7563010705759798 1.8197922972816105 -0.3111482650445452 0.20131801106854522 0
N 22
-1 8 0.0006972398610670949
0 7 0.003403890383276112
0 8 0.001714552336067085
1 6 0.0034254903675849935
1 7 0.0012560761552609934
2 5 0.0033413092148379953
2 6 0.0007193097704112361
3 3 4.909472163922013e-5
3 4 0.003102252203395661
3 5 0.00028832452261740027
4 2 0.0002563025618021464
4 3 0.002550206214734313
4 4 1.2215133518844734e-5
5 1 0.0003699443984279127
5 2 0.0018278319740306082
6 0 0.0003778050979975356
6 1 0.001199023736863855
7 -1 0.0002798846605112301
7 0 0.0006759966367533843
8 -2 7.61830859689061e-5
8 -1 0.0002587506736988904
9 -2 4.817566034986953e-7
T2 0.6498790792715756 0.6066519117952571 2.376340794394637 1.3507434071266318 0.24893648895963127 1.1564743042890817 0.41689761584716245 1
N 11
0 2 0.0206312518657851 0.007446036943962213 0.022380998553466248
1 1 0.05329790986386995 0.036546394703166 0.039733821615487865
1 2 0.14574448588273187 0.09227057094661818 0.14802482145425994
2 1 0.025368878708578402 0.024053872482372105 0.019901959748210532
2 2 0.1635520170130731 0.17079678339031415 0.1689249285059474
3 2 0.12305001641935931 0.17695315251122887 0.13516535906434315
3 3 0.0068341784572716335 0.010515264967324975 0.00862794035734711
4 2 0.048183143583585664 0.08779105563563076 0.05691710796342594
4 3 0.022664350448024173 0.043070603789247354 0.02898738272981762
5 2 0.0007683725462999114 0.0016169572625171675 0.0009544065184616904
5 3 0.013698036374022005 0.02994545325524244 0.017850925655487588
T2 0.32274977739900734 -0.13300596265161424 1.783292709214047 1.1686995892905456 0.6378683512259777 -0.3297739711912737 0.3341378441397967 2
N 13
0 -1 -9.828234931427357e-5 -3.2466770332388444e-5 1.2972591844057153e-5 -1.0725840176334952e-5 4.285295154125154e-6 -1.7135252439989866e-6
1 -1 -0.07231512764760517 -0.03907145173749057 0.009953293935625175 -0.021604303653981857 0.005463902338605321 -0.001808469195817452
1 0 -0.01716982178435695 -0.010350751733737425 -0.0010012479481911257 -0.006276658088232509 -0.0006199758650315255 -8.758076813618642e-5
2 -1 -0.032141511290690844 -0.02385432623781535 0.0031069518175201477 -0.01779160397211368 0.0022484798223130786 -0.00045049917732964233
2 0 -0.08915653799499396 -0.07493311647657135 -0.01425093656248025 -0.06368090502207231 -0.012266535203959395 -0.0029820047112682443
2 1 -0.010777775511689902 -0.010245075727386034 -0.004099213730778203 -0.009753186662693305 -0.0039030603201323445 -0.001570595974991734
3 0 -0.013365684491094279 -0.014034796028203086 -0.003632833520074765 -0.014752577061946654 -0.0038246245911313648 -0.0010133821994934478
3 1 -0.06628801842208115 -0.07706667083903283 -0.033039725107276166 -0.09008307704901014 -0.03876560614290081 -0.016987309613390598
3 2 -0.005867324829760712 -0.0076175646078415855 -0.004121001205348927 -0.009894197716173378 -0.005352220179354189 -0.0028978543989209766
4 1 -0.0026977188509249572 -0.003663389238674486 -0.0017272706804290956 -0.00497534730342257 -0.0023459655744099647 -0.0011069789004842026
4 2 -0.03396765646918615 -0.04984616376138303 -0.028043132940239402 -0.07336092893110523 -0.0413662789502617 -0.0234121682354817
4 3 -0.002300855368386534 -0.003784552464053089 -0.0023591263143614032 -0.006225687895094048 -0.00388077372623682 -0.0024194233698804474
5 3 -0.0026435455652071838 -0.004515767231115168 -0.002871269736125772 -0.007715802848314292 -0.004906818951153649 -0.0031211058277904324
T2 -0.28562986424956427 1.393180302084873 -0.4291236415957942 -0.1846976909847804 2.3390790959740055 0.434129964801208 0.41238806456744326 0
N 24
-2 -1 0.0015085915437176162
-1 -1 0.05561550170195115
-1 0 0.16230586494980775
-1 1 0.14684008510162955
-1 2 0.13137430525345123
-1 3 0.0307644695465083
0 -1 0.017624159888529806
0 0 0.17003773950734563
0 1 0.17006391579768176
0 2 0.15664290688978172
0 3 0.003650335126242757
1 0 0.14964436082525207
1 1 0.1700639157976817
1 2 0.09815307399082193
2 0 0.11162682225462855
2 1 0.1700639157976817
2 2 0.03601290596561946
3 0 0.07360928368400532
3 1 0.14374007003358302
3 2 0.00019658370451558493
4 0 0.035591745113382006
4 1 0.08179648571289594
5 0 0.00361668716142044
5 1 0.019000405707620627
T2 1.6569033629403624 2.4102154942343263 0.7314965270758913 0.10849808019684581 1.5989193501007692 0.9031505127726034 0.34896760216250966 1
N 13
2 0 0.01993608178074384 0.016969998447187957 0.005359039970313922
2 1 0.05056494632954109 0.048821384669646646 0.025247538278730868
2 2 0.007648447798953961 0.007807244059909633 0.005835415131077791
3 1 0.04928183702938296 0.05698158259744431 0.02945927769092597
3 2 0.11681518504411914 0.1433754659949387 0.10135902530998238
3 3 0.07570377415434393 0.09717498254658513 0.09103975690212472
3 4 0.026742702115123307 0.036018425890385286 0.04057169585367104
3 5 5.225983858747618e-5 7.283503826185286e-5 9.146582289369422e-5
4 2 0.048471323348997064 0.0719827060671623 0.04474200887282733
4 3 0.07513028519934195 0.11296227567519102 0.09189937851369707
4 4 0.07981568341579004 0.12054267202671765 0.12547514880296365
4 5 0.06223045186955356 0.096105643739411 0.11816153661842956
4 6 0.018199733999510137 0.029309600891188448 0.040026230427405864
T2 1.4582909566401259 1.511821288504367 0.20937548241644777 2.118514131190378 1.3193608441002076 1.1276351981809432 0.16362315787794895 2
N 26
1 12 0.0028267765786319232 0.0008139873838264264 0.005835466444063371 0.0002365744661577436 0.001678853964701831 0.01204777369711918
2 11 0.005189049612579766 0.0023606482121530845 0.010022098426312928 0.0010772783305291582 0.00455784549931874 0.01935928987476095
2 12 0.008106103913568918 0.003226385598074926 0.016211700331943857 0.0012985680772322494 0.006447106095724918 0.03242669600597622
3 10 0.003468625435279926 0.0021682653854855163 0.006152034463548783 0.0013568974689586154 0.0038450173320639706 0.01091258428029046
3 11 0.02037635942237881 0.011659707711016758 0.038255711632616866 0.00671314045315565 0.0218737542951085 0.0718578372922972
3 12 0.0003444431296146244 0.0001734002835604223 0.0006784068029046797 8.732067153027305e-5 0.00034151838604299284 0.0013361799274077268
4 9 0.002093521550013633 0.0016649507031945056 0.0033828220712004233 0.0013246593509214598 0.0026900712978935037 0.0054665762928329436
4 10 0.02273261239686053 0.016940515275920873 0.039271753622327876 0.012669957902417714 0.02925376247438953 0.06788846077318818
4 11 0.010257568501523706 0.007375358151018539 0.01882672973308715 0.005322821522669256 0.01353191020123499 0.034560437390173115
5 8 0.0010637379567813854 0.0010270031019201514 0.0015510170209308144 0.000991677678323322 0.0014973917320998907 0.0022616220216777707
5 9 0.020889582101494608 0.0190552694690193 0.032751504607725114 0.017423155320612976 0.029861876644799796 0.05138827017772085
5 10 0.023482620535307364 0.02099112972852571 0.04013700184350299 0.018814298691201447 0.03586893365340523 0.06864730524655124
5 11 0.0005420363159392982 0.00045198376097668286 0.0009797328687335498 0.00037695951320429005 0.0008169461831292699 0.001770887044825568
6 7 0.0003792746555828508 0.0004307215183021647 0.0004931750844021365 0.0004891648158249357 0.0005600640248289851 0.0006412953564194126
6 8 0.01870123151409475 0.02018823988356507 0.026346970805263745 0.021829300705669463 0.028427677886610558 0.037151647409341425
6 9 0.026772537793952167 0.02847394665864572 0.04161576819340532 0.03034321168364397 0.04426047216059089 0.06474811312021668
6 10 0.011019207407017673 0.011542151110473483 0.018444091558830183 0.012111642918995904 0.019314123398416372 0.030878855459202843
7 6 4.0131646418140043e-5 5.24048889804906e-5 4.585203327695427e-5 6.843179084254786e-5 5.987462108069582e-5 5.238796695917399e-5
7 7 0.01616756063466085 0.020163127582918116 0.020221596443281153 0.02517560791972584 0.025206095686351366 0.025318072864593005
7 8 0.026772537793952056 0.032854553836898885 0.037235161015152084 0.04037797460264436 0.04569400972044812 0.05184627508150195
7 9 0.0240020623501791 0.02932667191318881 0.03713054065313756 0.0358838669955931 0.04535878043496785 0.05748639423121046
7 10 0.0007842334065617518 0.0009130852397811473 0.0012904031847940367 0.0010632484780679723 0.0015023860191905418 0.0021233046165853495
8 6 0.00019269504853303143 0.0002537339062230638 0.00021944307446634427 0.00033411078108705705 0.0002889546475197587 0.00024990744024464456
8 7 0.00758734977030906 0.010131513985531415 0.009443006269156598 0.013531169954565306 0.01261204831275107 0.011767136074597237
8 8 0.017268886354732893 0.023539870975038263 0.024149522905460834 0.032106602601291195 0.032925910194614154 0.03380920735827814
8 9 0.010991183223006296 0.01505364284785691 0.0166400859538684 0.020635040642306923 0.022786386600827324 0.02519971855199904
T2 1.3644620749371583 2.268382086603813 1.5015313573238798 2.278550034294667 0.06466905494445974 1.2111502483638945 0.29140586976271265 0
N 10
0 4 -0.0018126050958424955
1 4 -0.0017151168876396727
1 5 -0.005938089600927898
2 5 -0.007378780726283618
2 6 -0.006262479655761766
3 6 -0.01688559170935422
3 7 -0.002743722566168616
4 6 -7.889143336492488e-5
4 7 -0.022371469371708974
5 7 -0.0006621439268059692
T2 1.8600435959857151 0.22222179522724872 1.0072471681105293 1.7198042750969407 1.5419426750653153 0.4035520101034211 0.10667042855510003 1
N 38
9 14 0.00014389706232187383 0.00015297698580152633 0.00022896672230492826
9 15 0.0010893486178428224 0.0011385835938880781 0.0017878397907615427
9 16 1.3957107481754605e-5 1.4117617971630877e-5 2.388181116066516e-5
10 12 0.0011690185887099913 0.001359687776950641 0.0015915337113291475
10 13 0.004383868088587262 0.0050037155957193226 0.006315741842371413
10 14 0.0028696640321999034 0.003144931934738582 0.004415662715288611
10 15 6.696629970892598e-5 7.16281809274022e-5 0.00010749219300118402
11 9 6.908672534078342e-5 8.826159531402876e-5 7.327038673787117e-5
11 10 0.0031103075216032394 0.003927643135212061 0.0035247555906363424
11 11 0.007292889714710538 0.009049893450428434 0.008969657101365408
11 12 0.005559034859751177 0.006693497517921125 0.007363011160147148
11 13 0.0004869391829041003 0.0005751844981727178 0.000681958557793079
12 7 0.0009306798644945768 0.0012820576924541989 0.0007732085843144091
12 8 0.005244344172529725 0.007135151711659714 0.0047961280530074415
12 9 0.009747326770871645 0.013059780269505489 0.009913012394508881
12 10 0.007332238280797321 0.009653994644501987 0.008154798749685324
12 11 0.0012924099107203268 0.0016708710730506577 0.0015455057501632511
13 4 2.141815063921859e-5 3.1955784542964334e-5 1.1350103199547608e-5
13 5 0.00275610898485501 0.004071983372749122 0.0016580626059015762
13 6 0.007378380823456321 0.010755244198007552 0.005156946098952102
13 7 0.011069972797562722 0.015956153798298928 0.008868740443531578
13 8 0.008866480754846306 0.012678988718351394 0.007983896858795258
13 9 0.0024833784831579386 0.0034877631987572147 0.0024614365566086246
14 3 0.00241538761882254 0.0038003982734007777 0.0009813259275197994
14 4 0.009490999323743365 0.014755964809712105 0.004595859625270621
14 5 0.011378580328128773 0.0175994915792768 0.006675669219725682
14 6 0.010065427899192292 0.015515301130762738 0.006938631716006251
14 7 0.004013631671252349 0.006085810223431669 0.0031534208312984924
14 8 4.6213228964253616e-5 6.912594505609274e-5 3.963293232707646e-5
15 2 9.473983943630859e-5 0.0001611192702451076 2.9989612714751274e-5
15 3 0.009149326073325137 0.01518059959551526 0.003497305066940568
15 4 0.01087887719891767 0.01796436651398033 0.005202371502430507
15 5 0.005594087374265533 0.0091139395232779 0.0032243825897690787
15 6 0.0004277217876309525 0.0006875257521602486 0.0002792775679417789
16 2 0.004279978621529318 0.007587074894814118 0.0012648209231556045
16 3 0.007174543077278772 0.012502661023734726 0.0026209927996286068
16 4 0.0011947281909188145 0.0020537647890692934 0.0005355657257324845
17 2 0.0012903442157828904 0.0023599699638478153 0.00033341225720415316
T3 -0.04516719627086968 0.5712476154744068 0.9661821348770003 0.018469768309169965 0.29745318811992255 1.371807267109699 0.2157949645545883 0.9722398943300032 0.4580442053775749 0.5663563177530293 -0.07707103975466739 1.4286749925149558 0.2861723829797932 1
N 20
-1 1 3 -7.188214910321816e-5 8.438966134301623e-7 -3.75587574193934e-5 -7.412831827827757e-5
-1 1 4 -4.263228156768228e-6 1.82912294206646e-8 -1.8346860797245183e-6 -4.996661836347237e-6
-1 2 3 -1.3274459214042953e-5 1.475229832820568e-7 -7.824249837280618e-6 -1.2504375521544322e-5
0 0 4 -0.0006829862686623712 -0.00015107178390568685 -0.00016529995314395327 -0.0008702920927119171
0 1 2 -2.927841915948796e-7 -8.197555351724331e-8 -1.669690590528548e-7 -2.5073097127437605e-7
0 1 3 -0.003569894517601777 -0.0005288953107699419 -0.0016766777705518171 -0.0037108039927462974
0 1 4 -0.0015031496740415579 -0.0001936976243236618 -0.0005281622175678833 -0.0018111204304714617
0 2 1 -1.9288704338852639e-7 -4.7206325657560836e-8 -1.6512218223589244e-7 -1.0995882808726664e-7
0 2 2 -0.0013038254421917986 -0.0002260557602513664 -0.0009229992504187482 -0.0009966207915432736
0 2 3 -0.0008088168250110577 -9.489160908815225e-5 -0.0004897182230676826 -0.0007318828162144515
0 3 1 -3.246141734680494e-5 -6.655725027925361e-6 -2.9148540376851843e-5 -1.7646460051388196e-5
0 3 2 -1.8589072003652496e-5 -3.4766222261719878e-6 -1.613058064288186e-5 -1.088412314587321e-5
1 -1 4 -1.770784246172641e-5 -9.094011780000803e-6 3.4119045758427863e-7 -2.4687942312669246e-5
1 0 3 -3.59742571131561e-5 -1.4147939803978688e-5 -9.789060055866776e-6 -4.071150136034674e-5
1 0 4 -0.0011172272299119334 -0.0004143252943958613 -0.00018743205275985192 -0.0014115306428710828
1 1 2 -7.002543439947121e-6 -2.245289226694728e-6 -3.948213229827678e-6 -5.9566910891642255e-6
1 1 3 -0.000586523374725272 -0.0001929217408760704 -0.00023142166920979773 -0.0006059328652053111
1 1 4 -3.8567668432310355e-5 -1.1836401599413866e-5 -1.1511553988519501e-5 -4.469557089250852e-5
1 2 2 -4.211370741270347e-5 -1.2722278712749128e-5 -2.6115385057207504e-5 -3.36857219651477e-5
1 2 3 -4.3621434156944626e-7 -1.2686110901657544e-7 -2.508692295623959e-7 -3.758870012312672e-7
T3 0.5381821290478543 0.7720274159105356 0.7531684303628621 0.7757000916921204 -0.09742507981813747 1.169347634676211 0.5006590342264226 0.2214963719901613 0.6618069858426001 0.8006692550938637 1.2574258558548699 1.3437836587847871 0.28955171725250184 2
N 17
1 0 2 -2.8463025549610376e-5 -1.5698458302412284e-5 -7.0275561777865396e-6 -2.1665112424709506e-5 -8.668918400399816e-6 -3.872230781347459e-6 -1.1969304316794881e-5 -1.7627959199061783e-6 -5.343750107892229e-6 -1.652922691431414e-5
1 1 2 -0.00016825570179344423 -9.357524344692334e-5 -7.309321770165282e-5 -0.00013130461651897582 -5.2083754925846603e-5 -4.069763775072629e-5 -7.311078686282656e-5 -3.282987628831744e-5 -5.717967530420974e-5 -0.00010264816043922749
1 2 2 -6.818406661129415e-5 -3.83624716030088e-5 -4.5276480129321444e-5 -5.463073382688641e-5 -2.1593005426104134e-5 -2.5478611327843686e-5 -3.075607882999383e-5 -3.0289641537862887e-5 -3.629508350407786e-5 -4.381272243367413e-5
2 -1 3 -4.6785090374405425e-6 -3.4914241975407866e-6 1.0889457846578944e-7 -5.22950617716224e-6 -2.6065236734160073e-6 8.181720366877192e-8 -3.904478793519212e-6 -4.031580507485954e-9 1.2267900220905463e-7 -5.8489314569928655e-6
2 -1 4 -4.7148241663399083e-7 -3.6329394200868444e-7 1.654000365328869e-8 -5.491120639515376e-7 -2.799335200248596e-7 1.2751964185904603e-8 -4.231149772031847e-7 -8.566091624819291e-10 1.9252792848332372e-8 -6.395337470507752e-7
2 0 2 -2.5137773058986366e-5 -1.4949311126071633e-5 -5.721164100769048e-6 -2.1184026231749214e-5 -8.892099224595077e-6 -3.400627796715987e-6 -1.260138249116354e-5 -1.3488741889027178e-6 -4.821000908835057e-6 -1.785857291406643e-5
2 0 3 -0.00025153053350501867 -0.000172422759451006 -4.698377484154641e-5 -0.0002554306351416101 -0.00011857758108813306 -3.1957391911761317e-5 -0.0001758251927652792 -1.0071703597648772e-5 -4.732357742275829e-5 -0.0002607879079247357
2 0 4 -8.830017304756147e-6 -6.7567499789830206e-6 -1.6309170792532988e-6 -1.036669035033764e-5 -5.170594791306918e-6 -1.2467592543049463e-6 -7.933134705407971e-6 -3.51846884724625e-7 -1.9169150092611144e-6 -1.2172033008985454e-5
2 1 2 -0.00010639752109974547 -6.282170311310013e-5 -4.7161774517786215e-5 -9.018707942038845e-5 -3.709751772897175e-5 -2.783564632646632e-5 -5.325835158263025e-5 -2.1599973625769665e-5 -3.9994828451362995e-5 -7.646416363753967e-5
2 1 3 -0.0005747546957393563 -0.0003794415976147078 -0.00025423247760100406 -0.0005668628343334306 -0.00025136181575251433 -0.00016761159590010603 -0.00037593392273222446 -0.00011636818820319764 -0.0002506231980488458 -0.0005624824192356226
2 1 4 -2.987523651818806e-5 -2.2664486999878333e-5 -1.3638708540679686e-5 -3.542288531804252e-5 -1.7197084727066873e-5 -1.0342083593473554e-5 -2.6878628141903986e-5 -6.423382498855996e-6 -1.6179788280108887e-5 -4.2012528782350206e-5
2 2 2 -4.5612174468847135e-5 -2.678314065357247e-5 -3.0346318151805316e-5 -3.888066873143087e-5 -1.5727919999530927e-5 -1.7816786607090008e-5 -2.283231463353523e-5 -2.0372264208325425e-5 -2.587307625377683e-5 -3.314727030132537e-5
2 2 3 -0.0005358200314828836 -0.00035303565653112533 -0.00038000100190739225 -0.0005391801609762843 -0.00023334740901145826 -0.0002505897739763333 -0.00035679249205871635 -0.00027297029385301184 -0.0003831038068339442 -0.0005457983250377519
2 2 4 -6.378969010275185e-5 -4.795789779500331e-5 -4.714963100822873e-5 -7.640875221580591e-5 -3.606806401477515e-5 -3.54372137902993e-5 -5.746964904589344e-5 -3.5284082448052105e-5 -5.649552603279981e-5 -9.157540917916024e-5
2 3 3 -9.31865299295492e-5 -6.40947132602394e-5 -8.662859790028988e-5 -0.00010093408201359422 -4.4146065911450194e-5 -5.962213940654461e-5 -6.955573764869422e-5 -8.073028399395312e-5 -9.392439369979267e-5 -0.00010961340563986588
2 3 4 -8.427162163219661e-5 -6.31664601113523e-5 -8.411754345412057e-5 -0.00010253472838996123 -4.737337732798252e-5 -6.307399816251321e-5 -7.691141117722364e-5 -8.443555850526133e-5 -0.00010243495479398712 -0.000124876685615193
2 4 4 -2.9997121520445525e-6 -2.338620500241644e-6 -3.5486943196898688e-6 -3.881864512104996e-6 -1.823513722097122e-6 -2.766928534205791e-6 -3.026988383587711e-6 -4.199253990401218e-6 -4.593030484331463e-6 -5.0248075610486895e-6
T3 0.3675941479230292 0.2521276032066016 1.454933609251906 -0.27271675237593324 1.656752589129619 0.28352459750614517 -0.23428686789578385 0.21368107950726128 1.093532534381558 0.8099630701622373 1.2373629681379181 1.3739571662445738 0.23338382578485747 0
N 67
-2 0 4 2.193208656354196e-9
-2 1 4 4.5173410373700505e-7
-2 2 3 2.0416959425132255e-6
-2 2 4 2.141474302631292e-7
-2 3 2 1.1609582410235941e-7
-2 3 3 5.410947648773796e-6
-2 4 2 1.0210776465624877e-5
-2 4 3 5.455793836613843e-8
-2 5 1 3.5807084745274774e-6
-2 5 2 1.2890007691626697e-5
-2 6 1 2.2431690537255722e-5
-2 7 1 3.4749045321051866e-7
-1 0 4 2.67451951200681e-6
-1 0 5 6.778864221589284e-7
-1 1 4 0.0007171101777030561
-1 1 5 7.748373948899203e-5
-1 2 3 0.00013573485462857238
-1 2 4 0.000993898956364154
-1 3 3 0.0009946667858715768
-1 3 4 0.00019005740618644972
-1 4 2 0.0002607384988342481
-1 4 3 0.0009704436605587945
-1 5 1 2.2036514630517024e-6
-1 5 2 0.0009377477034662852
-1 5 3 9.307872383295757e-5
-1 6 1 0.00012178517174748643
-1 6 2 0.00023188345828641674
-1 7 1 1.7519355873423798e-8
0 0 5 5.0539089579387905e-8
0 1 4 0.00011135039961529883
0 1 5 0.0010199331733764497
0 2 4 0.0018231201951992607
0 2 5 0.001088681888333666
0 3 3 0.00024027530458279353
0 3 4 0.00262534752864664
0 3 5 1.9708931571341153e-5
0 4 3 0.001366461637170147
0 4 4 0.0007258161052546144
0 5 2 8.78910239647811e-5
0 5 3 0.0009368499066092299
0 5 4 2.4002270624564064e-6
0 6 2 7.545349324641353e-5
0 6 3 4.1691087118843556e-5
1 1 5 0.0005087759931720857
1 1 6 7.920829148367692e-5
1 2 4 9.108038278989524e-6
1 2 5 0.0018476576993945505
1 2 6 1.6111590685948256e-5
1 3 4 0.0007714222204542558
1 3 5 0.001749956687864168
1 4 3 1.2355841504570547e-7
1 4 4 0.0014279887227963712
1 4 5 0.0002596713650238429
1 5 3 0.00014949005859058936
1 5 4 0.00046092096168270973
1 6 3 8.029629663684132e-6
1 6 4 1.4985381491252935e-8
2 2 5 6.12469344061785e-5
2 2 6 2.0358539618144545e-5
2 3 5 0.0005928699617802624
2 3 6 4.580392482559704e-6
2 4 4 3.375776342928731e-5
2 4 5 0.001009426349678881
2 5 4 0.00011831844280609365
2 5 5 0.0001361144354219962
3 4 5 3.520415718464632e-5
3 5 5 3.174110782759093e-5
T3 1.5651558587742034 -0.09560355293715145 -0.024560143336411933 -0.20308720353922655 -0.21871524288649596 0.12622735983870764 1.045849404457192 1.588545616837841 -0.13364537873997867 -0.07340975651834974 1.5570534954562028 0.6649206924970035 0.1940208638370701 1
N 183
-2 -2 0 -3.9396124018641434e-7 7.75727053431847e-8 8.07150504607058e-8 -5.060153202344978e-8
-2 -1 0 -5.391316397026752e-7 1.055817155087949e-7 9.119759035596656e-8 -7.534555407511279e-8
-1 -2 0 -1.2145965870476786e-5 1.4643559214929708e-6 2.4336919065630107e-6 -1.464898588415229e-6
-1 -1 0 -0.0012775308890037949 9.986655132709161e-5 9.696617404590564e-5 -0.0001711369716494842
-1 0 0 -0.0013844980904885664 7.085764798530796e-5 -0.000109314491915706 -0.0002180708425118419
-1 0 1 -0.0005333229685781113 4.537565275199304e-5 -7.350406412152721e-5 -0.00011249584506357
-1 1 0 -0.0002007955749094612 4.698204812550036e-6 -4.8501549457506046e-5 -3.555938259325433e-5
-1 1 1 -0.0014456725602242744 8.644149369370368e-5 -0.00042612687956779206 -0.00034980767764466715
-1 2 1 -0.0013773515250949005 6.974643005433467e-5 -0.0006639302846697609 -0.00040873357858800963
-1 3 1 -0.000940966532453168 3.947554826709618e-5 -0.0006240212112934551 -0.0003305228854276605
-1 3 2 -0.00019128303708018202 1.2520488060302441e-5 -0.00014109015873800174 -7.644455453732378e-5
-1 4 1 -0.00010416524507719219 1.9583495617054976e-6 -8.481873335369284e-5 -3.9003596954486005e-5
-1 4 2 -0.0008069970233718963 3.55899140907817e-5 -0.0007073309837759911 -0.00034558795276580425
-1 5 2 -0.0007140896218421069 2.6062858356641524e-5 -0.0007590233579837309 -0.00034612881320536813
-1 6 2 -0.0005023385776612411 1.5410159537026286e-5 -0.0006279681543355325 -0.00027333597820329065
-1 6 3 -3.8693052051179844e-5 1.7894072298772467e-6 -5.174217027737266e-5 -2.276615756837637e-5
-1 7 2 -4.491066531513155e-5 6.378605557467633e-7 -6.229086830693085e-5 -2.5679326518274067e-5
-1 7 3 -0.0003146433491542943 9.424311912435711e-6 -0.00045611511222437415 -0.000192540641296421
-1 8 3 -8.181367655591825e-7 2.6119925787017362e-8 -1.2715405233229046e-6 -5.196540793491405e-7
0 -2 0 -1.1267681862977951e-6 -4.270342375415902e-8 2.215897087947338e-7 -1.1973377291976457e-7
0 -1 0 -0.001519211430376844 -0.0001440901212836846 0.00010010806415329853 -0.00017544252992113791
0 0 0 -0.0040916846407899905 -0.00040620264207502594 -0.0004214794168780768 -0.0005363585111996315
0 0 1 -0.00026519694394907156 -1.9756169259237003e-5 -4.2660726426971766e-5 -5.4189837841653545e-5
0 1 0 -0.003672724467728877 -0.00042670347597638554 -0.0010391206454088673 -0.0005069844659277871
0 1 1 -0.002210854275280816 -0.0002018475772772081 -0.0006801732999759205 -0.0005002664533166398
0 2 0 -0.001515493572283819 -0.00021599071322573197 -0.0007038029135710107 -0.00023757066217135092
0 2 1 -0.004256887991127971 -0.0004167999131786059 -0.0020907862441507416 -0.0010953248667253683
0 3 0 -0.0002205977335932163 -3.747463553758293e-5 -0.0001392196848933385 -3.894725769543102e-5
0 3 1 -0.0051354695824094515 -0.0005582010753983658 -0.003485979631321882 -0.0015340967254144683
0 3 2 -8.746390633168947e-5 -5.213001843909855e-6 -6.603890346550812e-5 -3.451231349537484e-5
0 4 0 -2.8554003663841575e-10 -5.532559416494515e-11 -2.2175550360607522e-10 -5.534636777056694e-11
0 4 1 -0.0033915655329370665 -0.0004142662540491271 -0.002919270604737718 -0.0011250807564717367
0 4 2 -0.0017231150627798099 -0.00015472048978065699 -0.0015410088006485596 -0.000714556170102049
0 5 1 -0.0011666363396736997 -0.00017289476304060787 -0.0012176312154631008 -0.00041402745424447057
0 5 2 -0.003619194200505781 -0.00036419012249029126 -0.003884082164641818 -0.0016151101305968921
0 6 1 -0.00011704892929732585 -2.042214332903735e-5 -0.0001409065795565967 -4.37646533270255e-5
0 6 2 -0.004293795807615025 -0.000478266588810328 -0.005412710077766155 -0.002106161301412532
0 6 3 -1.1296371284427731e-5 -3.463222004746856e-7 -1.5223100217429597e-5 -6.612230823595396e-6
0 7 2 -0.0020520652171120697 -0.00023421014426998183 -0.002926345186830813 -0.0010689190277998971
0 7 3 -0.00032148598851554095 -1.0783638564304708e-5 -0.00046470330138098187 -0.00019163606767171843
0 8 2 -5.185809904894396e-6 -6.667205796806271e-7 -8.067509409724185e-6 -2.6994660766008165e-6
0 8 3 -7.741419221507924e-7 -1.7322449571781516e-8 -1.2035575105878578e-6 -4.617262291906206e-7
1 -1 0 -0.001319869333038641 -0.00038099659907615753 8.116219715337046e-5 -0.00012927529757495097
1 0 0 -0.004209404702165815 -0.0012234155627469734 -0.000453153826808156 -0.0004884823542260871
1 0 1 -3.004417024747371e-5 -7.105366283909478e-6 -5.3906098231187975e-6 -5.965669466634674e-6
1 1 0 -0.005731697950133296 -0.0016775883629573383 -0.0016784882963669933 -0.0006748579076762072
1 1 1 -0.0014298803404397692 -0.00040351922322504844 -0.00045287745715427404 -0.00031097199429438836
1 2 0 -0.005793084439527945 -0.0017295230884277646 -0.002796286547164142 -0.0006665573193743352
1 2 1 -0.003702478939575292 -0.0010649087229053706 -0.0018326410896389027 -0.0009068287940508535
1 3 0 -0.003963204200092553 -0.0012381228186517602 -0.002649938710366845 -0.0005226485572478825
1 3 1 -0.005974431340234274 -0.001726179979724772 -0.004093752914791116 -0.0016396257871759436
1 3 2 -7.320988204076936e-7 -1.5105790776396896e-7 -5.650714061300289e-7 -2.850490041854021e-7
1 4 0 -0.0015765081341567416 -0.0005290964300797944 -0.001344502919425794 -0.0002460749425809232
1 4 1 -0.007078672015861185 -0.0020741395971683174 -0.006171790866798772 -0.002074887369243057
1 4 2 -0.000962690520166849 -0.00026867473404476664 -0.0008756933188324756 -0.0003917234868881492
1 5 0 -0.00024164532673624653 -8.775394095978451e-5 -0.00024663480090945716 -4.253272690598667e-5
1 5 1 -0.00583058251182706 -0.0017648923131467903 -0.006191066427929524 -0.0017856025710540904
1 5 2 -0.003179432562149488 -0.0009097328522400672 -0.0034266178387186885 -0.0013741947391399361
1 6 0 -1.6069052981756198e-8 -6.219260651993404e-9 -1.873929970499103e-8 -3.106009092937133e-9
1 6 1 -0.003471953408592721 -0.001095765175727326 -0.004336655546780586 -0.0011488769166824269
1 6 2 -0.003703896380750907 -0.0010069416370818293 -0.004649805389975157 -0.001644580319847811
1 7 1 -0.0011313484479779316 -0.0003834822391299274 -0.001613455472167473 -0.0003988091243613003
1 7 2 -0.0015643514196066151 -0.0004031723433974523 -0.0022338075508727003 -0.0006772132610398077
1 8 1 -6.691466497829536e-6 -2.359165259949289e-6 -1.0423854838412369e-5 -2.4123563794343486e-6
1 8 2 -7.66215203506582e-6 -1.9837458230009763e-6 -1.1929350968216805e-5 -3.2758389725862937e-6
2 -1 0 -0.0011335736309599342 -0.0005469448120595167 6.460703682582596e-5 -9.115923321575344e-5
2 0 0 -0.004035880893252485 -0.0019543213735337375 -0.00043879621904810185 -0.0003981461316920924
2 1 0 -0.006247484740408716 -0.0030369836396399695 -0.0018337096716758894 -0.0006826615043228254
2 1 1 -0.0007122262701004443 -0.00033554784655122344 -0.0002390577122190599 -0.0001497982101864692
2 2 -1 -8.988667690362258e-6 -5.026081023290812e-6 -5.049369102310857e-6 1.6279051355459318e-8
2 2 0 -0.0069531351117527816 -0.003381304244336995 -0.0033824717917385083 -0.0007061667474965869
2 2 1 -0.0029214173483226974 -0.0014044112734883654 -0.0014537854780269403 -0.0006865683229233397
2 3 -1 -0.0002783789225966042 -0.000146107802732059 -0.00019573690199499555 1.866775030490038e-6
2 3 0 -0.0071959074565081825 -0.0034987834016115605 -0.0048817384945704255 -0.0007072491032785703
2 3 1 -0.005194101847802086 -0.0025067817980336414 -0.003563920129940499 -0.0013724953851522355
2 4 -1 -0.0002842327200348666 -0.00015591093523575106 -0.00024123339187838625 3.4434973363390197e-6
2 4 0 -0.006225198014148527 -0.0030764261095832363 -0.005408981246713199 -0.000673992269182403
2 4 1 -0.007077580361071843 -0.003426996808631112 -0.006193472226795141 -0.0020399755002062825
2 4 2 -0.000349206462684983 -0.0001596085569938319 -0.00032441685673934 -0.0001397606256082401
2 5 -1 -4.015608626419955e-6 -2.3118323485286054e-6 -3.947361538479758e-6 1.8451560481378585e-8
2 5 0 -0.004048723662647938 -0.0020489160215753813 -0.004278727827460812 -0.0005297784289970193
2 5 1 -0.006962278656266416 -0.0033531021518816324 -0.007418040442937104 -0.0019995777689852286
2 5 2 -0.0009629607576842372 -0.00041951010667703775 -0.0010174885324119936 -0.00039757904401340843
2 6 0 -0.0016387543885836968 -0.0008664145603277273 -0.002034110119491821 -0.0002546852817423407
2 6 1 -0.005650296327980177 -0.0026863669362859614 -0.007091457924343503 -0.0015694927988898523
2 6 2 -0.0002014115088064581 -8.260493924558067e-5 -0.0002455185368325353 -8.129489743238743e-5
2 7 0 -0.0002639401104062159 -0.00014686193770863947 -0.0003721994631143337 -4.631344191167016e-5
2 7 1 -0.002562627843135003 -0.0012263253615855169 -0.003665528574655076 -0.0006902605964423288
2 7 2 -3.481381592914337e-7 -1.3601306849775653e-7 -4.7512391389716913e-7 -1.357418840319714e-7
2 8 0 -8.451343718833029e-8 -4.9043917349669146e-8 -1.3147997095368856e-7 -1.629015260394072e-8
2 8 1 -2.63547471734541e-5 -1.3000628776659658e-5 -4.109032585199275e-5 -6.854720420668713e-6
3 -1 0 -0.0009614510923270213 -0.0006502271319026868 5.047271530200526e-5 -6.046807104003736e-5
3 0 0 -0.0038323129140916744 -0.002599128947703896 -0.00041904800146492827 -0.00030919089878594295
3 1 -1 -3.4955814186316945e-6 -2.6544207798044446e-6 -1.3045997987755686e-6 4.620914037941963e-9
3 1 0 -0.006519689196392558 -0.004429351974299683 -0.0019291156044308365 -0.0006388962494756361
3 1 1 -0.00023295825353716884 -0.0001526167103448499 -8.31025269158174e-5 -4.7468725340599073e-5
3 2 -1 -0.0002599001551452011 -0.00018426147587301972 -0.0001349398874805542 1.5170598108887503e-6
3 2 0 -0.007279717236389733 -0.0049450264524899664 -0.0035326957970563642 -0.00070847859087641
3 2 1 -0.0021403557570701063 -0.001440829334781793 -0.0010749298664149802 -0.0004825137719950058
3 3 -1 -0.0008870230618428016 -0.0006116905832473711 -0.0006128814187279071 1.128907498725922e-5
3 3 0 -0.007303739947469412 -0.0049597727684726626 -0.0049597727684726626 -0.0007085389669246655
3 3 1 -0.004370279646787828 -0.002951765975881844 -0.003001147092200235 -0.001107776755682507
3 4 -1 -0.0015306711451282483 -0.0010494337389981947 -0.0013463190036600368 3.199754047219107e-5
3 4 0 -0.007303739947469423 -0.004959772768472671 -0.006376850702322009 -0.0007085389669246681
3 4 1 -0.004841363674896306 -0.00321568905681544 -0.00420494801157988 -0.0012761530295779678
3 4 2 -3.2526709242695176e-9 -1.8953205035642292e-9 -2.912416350956819e-9 -1.2630398834474879e-9
3 5 -1 -0.0015111204374507789 -0.0010700149902684243 -0.0016002122030705239 4.094664837710597e-5
3 5 0 -0.007214815993144608 -0.004905689290328444 -0.007693485826242449 -0.0007066157907345026
3 5 1 -0.002952728859010349 -0.0019222103126157665 -0.003117927431775762 -0.0007224196337932272
3 6 -1 -0.00045828637537553396 -0.00034128788359505196 -0.0005616328125774738 1.0253770443420641e-5
3 6 0 -0.005963538159540301 -0.004082693395699437 -0.0074843395067286265 -0.0006214993434091361
3 6 1 -0.00119782745977227 -0.0007522557320256288 -0.00148821941334034 -0.0002712397492626542
3 7 -1 -5.6014318979407676e-6 -4.307429716687379e-6 -7.688300776957899e-6 2.8758308839115453e-8
3 7 0 -0.0027277734680065916 -0.0018706190657952293 -0.003903460314646371 -0.0003137964227083395
3 7 1 -0.00022475741591196398 -0.00013598291699085934 -0.00031799468490313366 -4.7248205524539504e-5
3 8 0 -4.1474370393775766e-5 -2.8518400765414626e-5 -6.473883457485347e-5 -5.028946482691202e-6
3 8 1 -7.425076665133407e-7 -4.3488784977947797e-7 -1.1581871941935592e-6 -1.459678176200672e-7
4 -1 0 -0.0008035017171399038 -0.0006990932268508394 3.856777500445374e-5 -3.64558114713749e-5
4 0 -1 -8.739974945362464e-7 -8.386632519362183e-7 -1.6140950273920998e-7 7.27861771660785e-10
4 0 0 -0.0036278709374363326 -0.00316410498828943 -0.00039913837437901607 -0.00022758305283604547
4 1 -1 -0.00020318074498588994 -0.0001843151041535236 -6.706612016931203e-5 1.065019463560215e-6
4 1 0 -0.006327715703636967 -0.0055157564268729494 -0.0018790836015413748 -0.0005443782468605396
4 1 1 -2.1678603564688454e-5 -1.7650323298311068e-5 -8.128356685220821e-6 -4.294424992599574e-6
4 2 -1 -0.0008133710561572979 -0.0007194864480005607 -0.00040505537360967865 9.625634343556287e-6
4 2 0 -0.007303298090036699 -0.006376426652895415 -0.0035425217951610024 -0.000708453729114127
4 2 1 -0.0013140901026784336 -0.0011311824692822707 -0.0006705628697244475 -0.00028404781446296354
4 3 -1 -0.0014645166739345843 -0.001287997706602484 -0.0010050417519024393 2.93264212722388e-5
4 3 0 -0.007228257685935981 -0.00630482458987015 -0.00490418996337989 -0.0006947401602362844
4 3 1 -0.0018327803437088964 -0.001533960491740364 -0.0012265008237994691 -0.00042153725196362313
4 4 -1 -0.0021156622917118725 -0.0018565089652044081 -0.0018576998006849452 6.029034545383432e-5
4 4 0 -0.006551857094959574 -0.00567545355423928 -0.005702792831302025 -0.0005824183524637839
4 4 1 -0.0006090929212596299 -0.0004934117709147061 -0.0005160494205211993 -0.00013278469281798925
4 5 -1 -0.0027668079094891624 -0.002425020223806334 -0.0029630295199571956 0.00010251740688834293
4 5 0 -0.005055646545623658 -0.004334365908340195 -0.005364386869607993 -0.00037062334860465544
4 5 1 -4.329217748256603e-5 -3.416996132171037e-5 -4.3426422432503346e-5 -8.802881918739571e-6
4 6 -1 -0.0032050882259630946 -0.0028219782808377183 -0.004040363938525326 0.00014075722551961184
4 6 0 -0.0030398413679744466 -0.0025710175872753266 -0.0038005563492823483 -0.00015658810733169202
4 7 -1 -0.0018148647701013794 -0.0016367515057250572 -0.0025991906874927606 8.089475616631248e-5
4 7 0 -0.0011840783892295061 -0.0009768454021882138 -0.0016953789473258204 -4.082929561446687e-5
4 8 -1 -3.837856632397734e-5 -3.5135607488720726e-5 -5.998764631837619e-5 1.597900825443424e-6
4 8 0 -2.3307904557869823e-5 -1.9067112110552865e-5 -3.6411362126346644e-5 -6.630836893441365e-7
5 -1 -1 -6.141716933646253e-8 -7.123032969439386e-8 2.367494077450776e-10 2.1106767282696965e-11
5 -1 0 -0.0006596640882292417 -0.0007017215348194495 2.870052160630891e-5 -1.8376476040105357e-5
5 0 -1 -0.00015298321420285354 -0.00016918363407489933 -2.164307446680578e-5 7.177457408895558e-7
5 0 0 -0.003272193741567212 -0.0034825818509712433 -0.00035790849183177663 -0.0001540381559979742
5 1 -1 -0.0007397190504717932 -0.0007987022612208804 -0.00022580938002431791 8.106296456326777e-6
5 1 0 -0.005560629833133813 -0.005917436052912961 -0.0016513056538277973 -0.0004168624933976594
5 2 -1 -0.001390864668249082 -0.001493549355067678 -0.0006851698973057732 2.6533093932665487e-5
5 2 0 -0.0058914911437217225 -0.0062208008421304065 -0.0028346961585683124 -0.0004832672157847478
5 2 1 -8.528441498916134e-5 -8.435901515195463e-5 -4.154461482245335e-5 -1.7229586950561963e-5
5 3 -1 -0.002042010286026368 -0.002188396448914472 -0.001397202085076971 5.622302866191719e-5
5 3 0 -0.00406910750607595 -0.004258964820089469 -0.0027299539231539064 -0.0002539485374373452
5 3 1 -8.186471917419753e-7 -7.970529357731777e-7 -4.837005204108008e-7 -1.6086640265783181e-7
5 4 -1 -0.00262895581866802 -0.0028094732688157763 -0.002302040883892792 9.649408802342805e-5
5 4 0 -0.0020721149452903273 -0.002133129479147058 -0.0017796238156374221 -8.696600323393866e-5
5 5 -1 -0.0026384598118975736 -0.002781976595332587 -0.0028090476580204817 0.0001313489412162727
5 5 0 -0.0006517452767250812 -0.0006550705786533805 -0.0006791672781152639 -1.609299288151013e-5
5 6 -1 -0.0018629843932499706 -0.0019213962743898823 -0.0023319818324231633 0.00012429058573010007
5 6 0 -5.203440110848254e-5 -5.120928772303143e-5 -6.240007679792703e-5 -5.153856868117217e-7
5 7 -1 -0.0008281476814632641 -0.0008375952839695649 -0.0011897579688212611 7.578412241248188e-5
5 8 -1 -2.817315553567412e-5 -2.8362300427580512e-5 -4.406661253076816e-5 2.988098452134738e-6
6 -1 -1 -0.00010107075068270296 -0.0001316330044209788 4.011735359740528e-6 4.453893530700774e-7
6 -1 0 -0.0004290517064203447 -0.0005349424106217931 1.6668472418598998e-5 -5.929391202569277e-6
6 0 -1 -0.0006660670447862908 -0.0008493380229083339 -7.514343797182625e-5 6.731061325570711e-6
6 0 0 -0.0025037417820471175 -0.00314094213887966 -0.0002756564087923584 -8.942940043174318e-5
6 1 -1 -0.0013143593688160029 -0.0016666609803132036 -0.0003928089273399138 2.3873132581152887e-5
6 1 0 -0.0028951754894483922 -0.0035783388172814204 -0.0008196343051826986 -0.00013738836860599694
6 2 -1 -0.0016863232339296974 -0.0021156929480520385 -0.0008181465986611946 4.733736694310147e-5
6 2 0 -0.001260939840412616 -0.0015272265130252892 -0.0005886185112747269 -4.18626277012878e-5
6 3 -1 -0.0013654318173067022 -0.0016728655181398686 -0.0009178246126009684 5.3700660439102926e-5
6 3 0 -0.0002507835973091942 -0.0002979327620537939 -0.00016063822593564143 -4.225625828718858e-6
6 4 -1 -0.0006530050894148594 -0.0007837371950542528 -0.000558236775147652 3.7882451451144724e-5
6 4 0 -1.5508019304783827e-6 -1.8120775574216056e-6 -1.2204201371265079e-6 -4.76233618411313e-9
6 5 -1 -0.0001279360097675926 -0.00015125993667266884 -0.00013152474815410347 1.0628139776303124e-5
6 6 -1 -6.763888111364394e-7 -7.895308629193379e-7 -7.943077451485258e-7 7.057845834078472e-8
7 -1 -1 -0.00027034424443889615 -0.00039169971777521054 1.1060020113027835e-5 3.1273694765238786e-6
7 -1 0 -9.079221553004544e-5 -0.00012798310832230604 2.138994441128116e-6 -6.544770762332121e-7
7 0 -1 -0.0006887418645976481 -0.00098034410736913 -6.580496301323522e-5 1.1529503039830866e-5
7 0 0 -0.000511489002261543 -0.0007135946757976655 -4.3045982974804715e-5 -9.062369337214479e-6
7 1 -1 -0.00043407440104305695 -0.0006040966030983063 -0.00011925078730256858 1.198239905028149e-5
7 1 0 -5.245273919965302e-5 -7.197681183774688e-5 -1.2022040738626935e-5 -5.209177667170142e-7
7 2 -1 -6.565150523694997e-5 -9.011427775117635e-5 -2.855626671983993e-5 3.1232605712747225e-6
8 -1 -1 -5.222376103903946e-7 -8.122957676706547e-7 4.283572818887915e-8 1.2324266733416193e-8
T3 1.4315407292487257 0.4631007105358556 -0.1383811052219947 0.7304690265225033 0.24284779425750785 1.4603283222574908 1.625661611287932 0.29437990153988186 0.5002711115972176 -0.11732090158318415 1.0973293029323006 -0.25568907236914845 0.3064271576369957 2
N 44
-1 3 -1 3.0808707703875436e-5 -9.036263411078683e-7 3.211024322300682e-5 -5.588057008619163e-6 4.240570281323602e-8 -9.517556695955222e-7 1.773286534551229e-7 3.347766081287148e-5 -5.847056338106503e-6 1.0705104236418428e-6
0 2 -1 0.0002488869256242618 6.478918813838395e-5 0.00022408207207733015 -1.499027131554121e-5 1.7150987570289858e-5 5.827967652914298e-5 -4.051966223336816e-6 0.00020179226424930924 -1.3564625503433042e-5 1.3395196582157226e-6
0 2 0 0.0005579791408389049 0.00013023649268441864 0.0004749881095345269 6.931942502701343e-5 3.189165333701433e-5 0.00011024161676949929 1.6498922170805484e-5 0.0004050039550331462 5.7663602006884535e-5 1.2404883128869602e-5
0 2 1 7.856529720700473e-5 2.1206174567784937e-5 5.932920653742843e-5 2.9880420251938984e-5 5.7867579015709585e-6 1.59782888405292e-5 8.107651957390879e-6 4.484772297414372e-5 2.2465827472171596e-5 1.1621727266756816e-5
0 3 -1 0.0005082755396463457 7.313469148265287e-5 0.0004883263416483387 -6.086414413992501e-5 1.29868388500437e-5 6.939969049085314e-5 -8.838725932636667e-6 0.0004695978124478195 -5.8880210564808874e-5 8.77878394652609e-6
0 3 0 2.716298313859295e-5 2.5843281568886896e-6 2.5314913872888773e-5 6.918174420478706e-7 2.684705267823213e-7 2.4025651402575546e-6 6.086593027102821e-8 2.3595201741417737e-5 6.429939777661775e-7 2.8191977040498354e-8
1 1 1 0.00025996969102927447 0.00014758806132995225 0.0001545066480507664 0.0001432260890785424 8.408843796565193e-5 8.766595099918302e-5 8.114277659979725e-5 9.187255323972217e-5 8.504716144172806e-5 7.938026623386662e-5
1 1 2 0.0005745991070310258 0.0003097149810928486 0.0003130884116223219 0.0004239345818887333 0.00016850785273213754 0.00016810904508625946 0.00022882069209858016 0.00017128113279615647 0.00022960921139714448 0.0003166936201565868
1 1 3 8.460381383091259e-5 4.868379352705284e-5 3.79392559951445e-5 8.418307904682725e-5 2.8085329134412456e-5 2.1791071062101362e-5 4.848965136499005e-5 1.7063953191287564e-5 3.763902282711935e-5 8.405567936033714e-5
1 2 -1 0.001102329254141783 0.0005035885643483686 0.0009153338161629608 -7.954749460886533e-5 0.0002385177891769097 0.00041479616323128156 -3.5959643217859915e-5 0.0007615991802581735 -6.68427845399324e-5 8.493756421736383e-6
1 2 0 0.00261503004098369 0.0012548435056014089 0.0019843675305963285 0.00037593505543281766 0.0006214199147218756 0.0009452059744763963 0.00018117909295370401 0.0015106454117399333 0.00027851658523005623 7.40735068128768e-5
1 2 1 0.0013096698810545085 0.0006288211623110912 0.0008760750523829193 0.0005511021818996783 0.0003103152168486386 0.00041817983051107335 0.00026325086527869643 0.0005875653686183421 0.00036665178426230235 0.00023956788792974424
1 2 2 2.923716896383288e-5 1.1696569900711046e-5 1.8298124610270107e-5 1.8681261231320205e-5 4.704850560307458e-6 7.313606004534042e-6 7.467991062160115e-6 1.1454871174903896e-5 1.1689710725901872e-5 1.1948453272530614e-5
1 3 -1 1.414967618652389e-7 4.374989820145485e-8 1.3023564182773335e-7 -2.996563711466542e-8 1.3527839832945034e-8 4.026794287028204e-8 -9.266043968137406e-9 1.1987085495418087e-7 -2.758117955037098e-8 6.3507010824156696e-9
2 0 3 0.00021151336619453496 0.0001836334499251241 6.18251195440682e-5 0.0002454839436572071 0.0001596835289016781 5.365438056057391e-5 0.00021294609337803503 1.8091568747553566e-5 7.170941359730868e-5 0.0002853046179825228
2 0 4 0.00018202189761247492 0.00014464214754534847 5.043538567406104e-5 0.00023481940561141505 0.00011533639915575863 4.002157129317398e-5 0.0001863889861192108 1.4011329163362066e-5 6.500755330466505e-5 0.0003033202566499197
2 1 0 0.0009248371044120862 0.0007956027157325577 0.0005456142593471408 0.00021430922821191384 0.0006862749785598506 0.0004691025654157143 0.0001834811984055886 0.0003221630141239411 0.0001260876472570781 5.2555735331682515e-5
2 1 1 0.0033572315038435897 0.002662781469981503 0.0018304663797029687 0.0015540817803383657 0.002134499833010717 0.0014453913576537045 0.0012287678481463387 0.0010027702441333989 0.0008408348156550738 0.0007440028325117949
2 1 2 0.0026581915259109475 0.002091294706270244 0.001203098717629104 0.0020092125845796913 0.0016649609531224504 0.0009394787663461527 0.0015812806573136744 0.0005494327905865525 0.0009024925500166031 0.0015391999969101954
2 1 3 0.0013316742769510243 0.0010466329949621912 0.00048283668700441917 0.0013770072398348293 0.000831181140647497 0.0003769860550956176 0.0010808538059153981 0.00017662825987920647 0.000497242447815283 0.0014317200011426088
2 1 4 3.141434591270387e-5 2.2146325514397823e-5 1.0044398332371713e-5 3.934466658355763e-5 1.5641393309901898e-5 7.073486334610883e-6 2.7730689165184034e-5 3.2149282263460596e-6 1.2577796868419256e-5 4.929040964978011e-5
2 2 -1 0.0008973038583815299 0.0006817690438934183 0.000636878111122099 -5.660723137101587e-5 0.000524999281432943 0.00048111423769631027 -4.283347537213583e-5 0.0004532711404520854 -4.065070509947988e-5 5.363363774124275e-6
2 2 0 0.003313467426474139 0.0024795163726478776 0.0022048993746665154 0.0004644921101652148 0.0018772407522340494 0.0016437893753261628 0.0003431536099201554 0.0014709728167356176 0.0003048406655958887 8.675280911125365e-5
2 2 1 0.00036389191016954404 0.0002427912293709351 0.0002291188232329217 0.00012915552635100178 0.00016257057717628266 0.00015279446813728747 8.595865296344708e-5 0.00014431784040969125 8.125540825693689e-5 4.632280561780657e-5
3 0 2 0.00011570056091561598 0.00013508082629840856 3.4484227330583744e-5 0.00010109395585317224 0.00015788302193642297 4.024875156004152e-5 0.00011794580266188461 1.0282790086475556e-5 3.0121651168540237e-5 8.844716335644877e-5
3 0 3 0.00042229775949505634 0.0004311165110657109 0.00012231439732923556 0.0004372250567292175 0.0004420189717438672 0.00012484324943144227 0.0004448671147733764 3.5478127976590664e-5 0.00012646968381267254 0.0004546631529552248
3 0 4 6.783429019607789e-7 6.28668098532849e-7 1.754313967809932e-7 8.368988794885505e-7 5.826537891577877e-7 1.625813923861409e-7 7.75604919535851e-7 4.537220899676689e-8 2.1643141934620118e-7 1.032542010446732e-6
3 1 -1 0.0004834540834130136 0.0005358983413112926 0.00027533613463993017 -2.4063940911597598e-5 0.0005962197177377805 0.00030440770574228853 -2.6843361245367804e-5 0.0001571468042669146 -1.378743934535658e-5 1.84440920111518e-6
3 1 0 0.004681629537512774 0.005037521537709142 0.0024826651513093754 0.000835379516511259 0.0054555907629466075 0.002658246081994849 0.0008981944521206108 0.001324451793569468 0.00043575859241950664 0.00018144554406034975
3 1 1 0.005716965650142926 0.006167306904391168 0.002573747468518429 0.0025878792097316335 0.006696428810823129 0.0027622769915140533 0.0027904964217544746 0.0011696431920831887 0.0011514721749165146 0.0012155829546708085
3 1 2 0.0034397603058515178 0.0036270065014654654 0.001265956577925983 0.0025521645255444886 0.0038475370383224635 0.0013297709039770999 0.0026860917578403736 0.00046970048879549803 0.0009334484068572116 0.0019176563847557815
3 1 3 0.00036155110627748453 0.00035198995980272534 0.0001169358976911116 0.00035007430929851944 0.0003432649575138988 0.00011376838781693273 0.000340602285746934 3.7876718103923094e-5 0.00011315594467056764 0.00033944336317844607
3 2 -1 0.0002070492453895551 0.00019972814554407057 0.00013076536753409856 -1.4170577520799819e-5 0.0001928534917978887 0.00012609199080414538 -1.375402089581363e-5 8.261821514366954e-5 -8.991855339239148e-6 1.3364093798944323e-6
3 2 0 0.00012106769049492067 0.00011394072268174794 7.525135354386439e-5 7.275774819557084e-6 0.00010726759922904533 7.081680096508666e-5 6.816482058276338e-6 4.6779006154448974e-5 4.50999282330954e-6 6.934118174257714e-7
4 0 1 2.1326230779397673e-5 3.1857925655742984e-5 6.433935620133445e-6 1.2443705709166788e-5 4.760302738165412e-5 9.610573257680005e-6 1.8582026963486415e-5 1.941345844815319e-6 3.753621706242778e-6 7.269175391983279e-6
4 0 2 0.00017596802718139524 0.00023367267161806225 5.217127353398577e-5 0.00013136113748223984 0.0003111368059531529 6.929016424954973e-5 0.0001736879138225077 1.5476455560775744e-5 3.890448914047485e-5 9.88767894027103e-5
4 0 3 1.9988088869234536e-8 2.4545807176169206e-8 5.454152465348091e-9 1.8424263990732227e-8 3.0142848395869615e-8 6.697808593790727e-9 2.26253733289568e-8 1.4882825223871e-9 5.0274163522405325e-9 1.6982863193675304e-8
4 1 -1 0.0003522343377645029 0.00046611447795721445 0.00017116349154686948 -1.7323534229137097e-5 0.0006180561928357441 0.00022602376840129688 -2.28982011713784e-5 8.338677464089997e-5 -8.520368974465671e-6 1.275333228124369e-6
4 1 0 0.0028033647839100584 0.0037306300436215473 0.0012263940901153859 0.0004955825900223164 0.004978665712129698 0.0016275428895509007 0.0006604053464742995 0.0005391928302833349 0.0002125926786751176 0.00010779242733405153
4 1 1 0.0034742488536274392 0.004666401236621111 0.0013129904984049683 0.001529434361664339 0.006289953192294766 0.0017580899463925945 0.002053432581508759 0.0004998435522436638 0.000571950675458656 0.0006972615802673
4 1 2 0.0004717179650360852 0.0006079660660564352 0.0001548394728846126 0.0003167952755226089 0.000784648083467901 0.0001994121067483417 0.00040791594782984614 5.0925048355763754e-5 0.00010383923691852777 0.0002136479022886921
5 0 1 1.668175221652973e-5 2.6163816222856214e-5 5.02432670034965e-6 8.726346627511319e-6 4.1044535837447135e-5 7.880278766659701e-6 1.3678468583662074e-5 1.5134841848946176e-6 2.627344265497443e-6 4.575754650443148e-6
5 1 0 5.1901427012972995e-6 7.996906134340675e-6 1.8582348647480393e-6 1.4426718775443228e-6 1.2321764767658733e-5 2.863033011574769e-6 2.2231061721148686e-6 6.654392155951252e-7 5.160009689300317e-7 4.0353349521872226e-7
5 1 1 9.606618844122298e-5 0.00014929400002748586 3.1344387841036966e-5 4.152106275731115e-5 0.00023203936906785364 4.870296115011874e-5 6.453742604930529e-5 1.0240683612224142e-5 1.3493331268027294e-5 1.821221259268394e-5
T3 0.755039947301807 -0.2872861945414715 0.3414325404841099 0.7314576365435579 1.222182157897455 1.000353907580309 0.7132241399836075 1.5502647472267463 0.5464038016452764 1.28472853072323 1.3854713511877021 0.483293023064513 0.35722460310867954 0
N 15
1 4 1 -3.605186201423858e-7
2 -1 0 -1.7563359206889285e-5
2 -1 1 -0.0004190800209976644
2 0 1 -0.004493654999076811
2 1 1 -0.013483239092369167
2 1 2 -9.796518168718915e-5
2 2 1 -0.023104909453369304
2 2 2 -0.0038429445779784373
2 3 1 -0.024547990884899965
2 3 2 -0.00897007894576113
2 4 1 -0.0015319887547887534
3 1 1 -9.629588793025334e-11
3 2 1 -0.0007577373074470869
3 3 1 -0.004170845144265945
3 4 1 -5.1373379937324506e-6
T3 -0.2930198329912607 0.3403014226494359 0.5312565863647889 -0.07375700437006633 1.314107866994074 -0.26739657549513324 0.5650224859597219 0.6906188134684379 0.9559766937137202 0.12389684743813084 0.47060099233960423 0.907080308946268 0.35024447695502114 1
N 19
-1 0 1 -3.5937741349121264e-7 1.0005715598394066e-7 -1.2497662693301152e-7 -1.9384865508354767e-7
-1 1 0 -8.861701624413715e-5 1.4667374600864502e-5 -5.898522087932527e-5 -2.8503385533438336e-5
-1 1 1 -0.0026812639551410033 0.00024051698376332858 -0.0014519892463092272 -0.0014384158978561045
-1 1 2 -0.00010638065526184434 2.800029851225369e-6 -4.7956523142243724e-5 -7.704252174943081e-5
-1 2 -1 -8.036775861338204e-6 9.018003838922655e-7 -8.31860272810874e-6 1.0326025436604115e-7
-1 2 0 -0.0014308990590398047 9.332897516240746e-5 -0.0012490128000790905 -0.0003007841407353609
-1 2 1 -0.00031802617985935886 1.0284005351244597e-5 -0.0002348738006241045 -0.00012483122184800505
-1 3 -1 -0.00023522997839192463 1.199320154270104e-5 -0.00027104147864891057 1.7129600338306e-5
-1 3 0 -0.00010803891689795987 2.897721474791737e-6 -0.00011649985178367739 -3.646967514018519e-6
0 1 1 -0.002448321222013256 -0.00020856961916672592 -0.0015292100498339488 -0.0015276515795318362
0 1 2 -0.003197402142739992 -0.000575408801040717 -0.0018299846062701235 -0.0024909946284331157
0 2 0 -0.0012294392169953936 -8.037318450982823e-5 -0.001160355303246559 -0.0003199185515167903
0 2 1 -0.003386075036979748 -0.0005064786048084447 -0.0026791743955715264 -0.0017020808059724079
0 2 2 -0.00011014620922315815 -3.4833180929625384e-5 -7.927820573773762e-5 -7.980199163037471e-5
0 3 -1 -2.748701728062775e-5 -4.5259473122971974e-7 -3.214688996869391e-5 8.667972349665573e-7
0 3 0 -0.0002089389084611393 -1.1136792709185616e-5 -0.00022758570691004473 -1.8684066307612527e-5
1 1 2 -0.00039703314802726143 -0.00016105690066693808 -0.0002605844729311454 -0.0003434611279198746
1 2 1 -5.184330023460618e-5 -1.9212530984336837e-5 -4.202275996070346e-5 -3.429572342494332e-5
1 2 2 -0.00021703446551715703 -8.871794310289069e-5 -0.00015975135336112754 -0.000168698025041159
T3 0.7800208356326312 1.334821810473161 1.1591475614956461 0.7327328139534142 0.9233351450559948 1.4051967014199211 1.0050145048368655 0.9224729854233302 -0.153552271938649 -0.004398372317212462 0.15255071562898143 -0.0753190287827345 0.41742008843636424 2
N 23
-1 0 -1 -1.5397787772145294e-8 1.6931300870829277e-11 -2.4050807948766372e-9 1.1004070716182566e-9 -2.978806601786061e-14 2.63226457064385e-12 -1.2230498278179392e-12 -3.7568309014839305e-10 1.718572908611492e-10 -7.869221255582664e-11
0 0 -1 -0.0003675031622696583 -6.734915581962896e-5 -0.00011488001900987223 1.1515710436441515e-5 -1.4982736641698102e-5 -2.309270094418826e-5 2.195576579978873e-6 -3.751244555521819e-5 3.616719906772545e-6 -5.348617701972849e-7
0 0 0 -0.0024296222904219827 -0.00046319346765756267 -0.0008674694665617307 -0.0003311264005076953 -9.473418096921062e-5 -0.0001704222111621686 -6.57424579283054e-5 -0.0003148463319299013 -0.0001228837868175691 -6.285688689021246e-5
0 0 1 -1.8173119939919952e-7 -4.4756231561529896e-8 -7.547933971178586e-8 -7.658606715073834e-8 -1.1023093338293255e-8 -1.858923756672179e-8 -1.8861776758180232e-8 -3.1349690573101e-8 -3.180918276270096e-8 -3.227703073984513e-8
0 1 -1 -0.0001710335744486558 -6.293524172108364e-5 -7.833282246375393e-5 5.605309951334311e-6 -2.3312788197862053e-5 -2.893482665572839e-5 2.083254207900439e-6 -3.5971812909110406e-5 2.5534426892931887e-6 -2.8253312592874043e-7
0 1 0 -0.006990766203805776 -0.0023047581304610596 -0.00359469913659909 -0.0018126018081318885 -0.0007801206143637739 -0.0011997736087372153 -0.0005961165543731749 -0.0018722927937520105 -0.0009513436999534433 -0.0005455632879812622
0 1 1 -0.0036227332726652415 -0.0013387892850495993 -0.0021652803711552575 -0.001870038067997359 -0.0004992818591586834 -0.0008057503073035425 -0.0006951097901662374 -0.0013095046143797235 -0.001121250330155416 -0.0009832144078902537
1 1 -1 -0.001016011561308614 -0.0006536624148255065 -0.000681799601051554 4.2663177452639254e-5 -0.00043494351513006396 -0.00044982677982030177 2.7848005642444335e-5 -0.0004663501593119031 2.868047199934541e-5 -2.695725948214019e-6
1 1 0 -0.014098420468819263 -0.008293782587740581 -0.009933683248728242 -0.0033540752213263754 -0.005028838646330742 -0.005941735086184622 -0.0019403667942840973 -0.007089673468421671 -0.0023863014951377272 -0.0009822305772008758
1 1 1 -0.01619591743737401 -0.008784636637925558 -0.012034616402124105 -0.009793917986229209 -0.00486560046981081 -0.0065781407840302996 -0.005308610553827539 -0.009006191567610606 -0.007293381989882264 -0.006133860617396094
1 1 2 -0.0028371469611821647 -0.0016523096989102379 -0.0022207181295616136 -0.0026525457961044424 -0.0009687028772506078 -0.0012972624505973725 -0.0015485333925771136 -0.0017428438383770692 -0.0020791850877495146 -0.0024970107651661054
1 2 -1 -4.363078068502169e-6 -3.613599175091761e-6 -3.6655049696510456e-6 5.108663580498468e-8 -2.9929785823743183e-6 -3.035883963346259e-6 4.237871384621028e-8 -3.0795334757364607e-6 4.2864919663513754e-8 -9.570653806860048e-10
1 2 0 -0.004185513924107547 -0.0032161480401147035 -0.003716076836180637 -0.0012594545933922877 -0.0024820578333984017 -0.002858507019843969 -0.000961203266361462 -0.0033061426075013337 -0.0011234321972688347 -0.00041258542283216287
1 2 1 -0.022643497166341266 -0.015996433177763083 -0.021495391048556325 -0.014974352113891282 -0.01146844856928451 -0.01526026621586408 -0.010546722128740795 -0.02054519872711167 -0.014273580292320065 -0.010197862371690179
1 2 2 -0.02167789659326816 -0.015428531039703583 -0.02193578215007831 -0.021625020065848006 -0.011059187265585758 -0.015680758674430664 -0.015407208151729381 -0.022432254999204274 -0.02189356788846731 -0.021822483977926337
1 2 3 -0.000665374337863585 -0.000484208484458882 -0.0006436501340662167 -0.0008586618398410418 -0.0003526118923880585 -0.0004688803452777284 -0.0006248938130244071 -0.0006247646509746593 -0.0008304029274639395 -0.001108681879097556
1 3 2 -0.0002963057271004321 -0.00022970107653860124 -0.00037716775309898826 -0.0003212635140845815 -0.00017814254283407457 -0.00029239252658271644 -0.0002489150386844728 -0.000480172818967801 -0.0004090281737303983 -0.000349160538027959
2 1 -1 -6.478839955240871e-5 -5.5108105354752844e-5 -5.331139551854992e-5 4.244115601503101e-6 -4.688217053585403e-5 -4.534899099875528e-5 3.6195957587725683e-6 -4.387215235721665e-5 3.4855662193093107e-6 -3.5629780105838984e-7
2 1 0 -1.9665108906066872e-5 -1.656427936526553e-5 -1.6303511058584838e-5 -8.384299825045386e-7 -1.395305398746684e-5 -1.3732914346521799e-5 -7.049708817299923e-7 -1.3516946809199176e-5 -6.960765107767553e-7 -5.719488980572707e-8
2 2 -1 -0.00044945863714868095 -0.00041452283135895164 -0.00039955492632233616 2.167777467398061e-5 -0.00038300816731937 -0.0003689901296634217 2.014143652698717e-5 -0.0003556183682189048 1.922594950149892e-5 -1.582878694974968e-6
2 2 0 -0.004647903732064128 -0.004124599055468555 -0.004379638758551639 -0.0010605341429392849 -0.0036650392118041087 -0.003888677427119435 -0.0009354766375765964 -0.004138365289436632 -0.0010129295954772295 -0.00030362078759220895
2 2 1 -0.003235364317997159 -0.002774304682545501 -0.0033000895823611398 -0.0018391030184575104 -0.0023798256240836627 -0.0028296937745670853 -0.0015742111896964732 -0.0033823106076522123 -0.001883785870098097 -0.0010778477050696633
2 2 2 -4.1438004157644205e-8 -3.4602047992412567e-8 -5.0340831333444714e-8 -3.464041983407317e-8 -2.889380865290465e-8 -4.203621984263433e-8 -2.892584767167702e-8 -6.116479516669737e-8 -4.208298768724073e-8 -2.8957957735033814e-8
T3 0.2296771597850989 0.7701448085434619 0.9264401809398335 0.7008509855184901 0.9400945824284765 1.1534719558601798 0.8288662235865163 0.7592741709843003 0.5402677697964695 0.34273628096064696 0.6140339186570782 0.7011116457355275 0.26382513036718824 0
N 12
0 2 3 -6.7953607167427695e-6
1 2 2 -0.0008211717782217924
1 2 3 -0.0014786232267791776
1 3 3 -0.0004580768457893295
1 3 4 -4.049060028469657e-7
2 2 2 -0.0010820856210150738
2 2 3 -0.00026666464850325046
2 3 2 -0.00011107617004617776
2 3 3 -0.0011331724140354056
2 3 4 -8.14317021230102e-5
3 2 2 -7.256738904790965e-6
3 3 2 -3.7961320436172433e-7
T3 1.496905499357507 1.536568834124439 0.4687805452884473 0.006889660592093005 1.5670460973303466 0.8704539635661226 0.6231133701681026 0.10064482032864658 0.613055874016436 1.3861022582647642 0.7739881169826932 0.9737423313335418 0.45171018864620094 1
N 19
0 1 1 0.0009064635794907494 0.00037185282376136635 0.0007294282493113263 0.0006663651409192472
0 2 1 0.008003670381181957 0.002858933425999237 0.00945473758264105 0.006395841059289391
0 2 2 4.857819331978187e-10 2.1887168518341027e-10 6.372279555016764e-10 4.38907303684139e-10
0 3 1 0.004215898041590416 0.0012386939670718134 0.006042202680364321 0.0034695062077316485
1 0 1 0.005529454407421405 0.004041440165380451 0.001997939756878358 0.0036679629255420604
1 1 1 0.030179665734885917 0.022158131573026634 0.021201155358588627 0.02149963123137294
1 2 1 0.04196960756899464 0.02943395577717987 0.04705554101359647 0.032123818786215036
1 2 2 0.000468403760050491 0.00036972908448573314 0.0005150502934735086 0.00042716733788084505
1 3 1 0.006069118216766272 0.004090927569022671 0.00862555378519436 0.004415308545046411
2 0 1 0.00023399724354038654 0.00021827139880724986 9.963300647452286e-5 0.00017427972194841495
2 1 1 0.029035712837562365 0.03054630545515236 0.021857848859722945 0.021848630597748483
2 1 2 0.001858687912844511 0.0022779420245990505 0.0015266191295067438 0.0017172697637025775
2 2 1 0.05012205345748296 0.05580488395141068 0.05529996573949069 0.035072422079674245
2 2 2 0.0010679608448459707 0.0011239638386079827 0.0010306045394000696 0.0009813510452791236
2 3 1 0.005516555616598957 0.006209407485795901 0.007823257137580345 0.0033323351721568986
3 1 1 6.724734277326516e-5 9.208753609689852e-5 5.916657330603116e-5 5.941883806949809e-5
3 1 2 9.612941057759094e-5 0.00013156869449110643 7.922441723746166e-5 8.959344029180144e-5
3 2 1 0.0024119429868816144 0.003341822702979631 0.002858874459871865 0.0016248467969947143
3 3 1 0.0011072257161386019 0.001556707117942745 0.0015759665611667251 0.0005867359121923219
T3 0.9572711239326026 0.5566869027927142 -0.11075133920208308 -0.1920229474999064 -0.06266216887206716 1.4943523643341672 -0.13584791256137468 0.15441831654575183 0.40884122896226743 1.1834987187613761 0.8891102272745208 0.580641673039269 0.326742834124491 2
N 34
-1 -1 3 -2.4597133868813775e-5 3.6235342253655986e-6 1.548987063038097e-7 -3.137317782576498e-5 -5.401180995897978e-7 -2.390357241891793e-8 4.617335341087241e-6 -1.5607417900027794e-9 1.9854592393516294e-7 -4.00305282872638e-5
-1 -1 4 -0.0001227892638271377 1.645921592767317e-5 2.153989129163526e-6 -0.0001691281753355167 -2.2666928597415306e-6 -3.164540534047548e-7 2.2699340307432025e-5 -5.6311225991083575e-8 3.0042824054214804e-6 -0.00023314276577188342
-1 0 1 -0.0007837912578183833 3.6607514001211816e-5 -0.00013422093290231066 -0.0004129079477538402 -2.582566304306411e-6 5.875067653546968e-6 1.9433696259871767e-5 -2.3346396416837168e-5 -6.988969231501965e-5 -0.00022206268953414346
-1 0 2 -0.0012053397043509258 6.318630349521656e-5 -0.0001406302292058314 -0.000991654482092796 -4.973299064613362e-6 6.6261027041185215e-6 5.2168909587555353e-5 -1.7191210823642783e-5 -0.00011371949333865508 -0.0008265423175360622
-1 0 3 -0.001429326309582363 8.185677424412053e-5 -8.25424396398817e-5 -0.0016356036020503256 -6.9317015056221465e-6 3.731736595384271e-6 9.376567967649974e-5 -5.729386614443516e-6 -9.230903137958141e-5 -0.0018838565167606284
-1 0 4 -0.00017363092104240828 1.1095072015011453e-5 -4.720470291001988e-6 -0.0002328197160361765 -8.62953988895337e-7 2.10643254751169e-7 1.4904173017406058e-5 -1.9118538040939691e-7 -6.3087864448296535e-6 -0.00031229369250875135
0 0 0 -0.0003854648374126584 -9.42886941447222e-5 -0.00011409130704427682 -0.00011255151910998624 -2.4252594061652898e-5 -2.831016003470849e-5 -2.7305301719968715e-5 -3.3935517119108195e-5 -3.323368741061044e-5 -3.314278137621814e-5
0 0 1 -0.007176098188605281 -0.001270662192395239 -0.0018686992966360574 -0.0036723364390997735 -0.0002783323078870473 -0.00034823477816475355 -0.00065006252179303 -0.0004969077587742314 -0.0009499115743199394 -0.0019349031167080687
0 0 2 -0.009527620462940804 -0.0017484087652574053 -0.002094852026228776 -0.007771168450149998 -0.0003954158310606006 -0.0004173329067935557 -0.0014234132171645532 -0.00048451242946037155 -0.0016962387772225275 -0.00642055247688937
0 0 3 -0.004309172584221195 -0.0005869630174393726 -0.0007150727141258104 -0.004685192349759132 -0.00011205278523384357 -0.00011789731730748033 -0.0006280566298034412 -0.00013346663419560272 -0.0007697570107032519 -0.005118798402939293
0 0 4 -2.0362387083014248e-5 -4.5848398597252995e-7 -1.7349245598072793e-6 -2.6917611055673654e-5 -1.6517322024085026e-8 -4.3403220918748665e-8 -6.047113661156966e-7 -1.5112233010729875e-7 -2.2925319887327484e-6 -3.5585878716697684e-5
0 1 0 -7.072861161884952e-5 -2.170980650861267e-5 -2.3832948920722515e-5 -2.0792268850590082e-5 -6.680353615273078e-6 -7.3182710977659714e-6 -6.372909336957487e-6 -8.035262904226452e-6 -7.010970086694496e-6 -6.157928835054672e-6
0 1 1 -0.0013504807846598905 -0.0003842696035056279 -0.00047291561797045825 -0.0006636626034453118 -0.00011061675927673696 -0.00013487747037193445 -0.000188978455071199 -0.00016600253531622256 -0.0002324282907010397 -0.00033500283769555755
0 1 2 -0.00026543984081290706 -8.055053725712252e-5 -9.030879860715316e-5 -0.00019450747451664488 -2.4530246419354418e-5 -2.7421825377442825e-5 -5.9123358893310717e-5 -3.07540922664465e-5 -6.611921762556379e-5 -0.00014353130506855038
1 0 0 -6.783650070080703e-5 -2.3841650920790973e-5 -2.1695947322406068e-5 -1.9640870096735203e-5 -8.404158982766369e-6 -7.627527864007154e-6 -6.915342887381058e-6 -6.940895016062878e-6 -6.278208091579323e-6 -5.742845251769742e-6
1 0 1 -0.0018592654639274517 -0.0007263324187463217 -0.0005638140119514958 -0.0009889205540445807 -0.0002874207352724614 -0.00022075746637816363 -0.0003870942736410354 -0.0001715437469383305 -0.0002988881185366809 -0.0005386351720198661
1 0 2 -0.0019695750378277573 -0.0007301529096608618 -0.0005776759057614264 -0.0015456798898123068 -0.00027269278767572374 -0.00021475325987429614 -0.0005714974480152255 -0.00017054177041934385 -0.00045399310360268695 -0.0012283407226539743
1 0 3 -0.000201939707177271 -7.062587849845101e-5 -6.201391670203645e-5 -0.00020841564378251852 -2.475230250098488e-5 -2.1713002806271996e-5 -7.287246992065746e-5 -1.9078348117730266e-5 -6.40100349839357e-5 -0.000215373627843098
1 1 0 -0.0038669464537391014 -0.0020526980394079235 -0.0015854668974084201 -0.0009599836627752469 -0.0011180646585115938 -0.0008524088501272876 -0.0005052218605583095 -0.0006564405911422342 -0.0003927448622489887 -0.00025120245705767395
1 1 1 -0.014299269353544633 -0.007257900154754988 -0.00604713867609965 -0.007029667532189413 -0.0037940603581155326 -0.0031162717477903295 -0.0035641163538994896 -0.0026043992349591345 -0.0029785616493115947 -0.0035715339748209926
1 1 2 -0.007045057555274358 -0.003460983155060025 -0.002911589020401978 -0.00546951465948281 -0.0017496171119955255 -0.0014586363324129447 -0.0026800845323913607 -0.001224729615244415 -0.0022550925102320005 -0.004297048816807502
1 1 3 -0.00026134430416301807 -0.00011030734857994647 -9.49402856651786e-5 -0.0002653432188339993 -4.7041790680955814e-5 -4.0377378497216475e-5 -0.00011190111067142273 -3.469888271926307e-5 -9.63260236125457e-5 -0.00026959621045860284
2 1 -1 -0.000180211714329358 -0.00016003835405106024 -9.690868388164785e-5 4.996254715108018e-6 -0.00014250663152399782 -8.623976176487954e-5 4.506608394664433e-6 -5.22067745360862e-5 2.705960224716841e-6 -2.2144363276112435e-7
2 1 0 -0.006143299269690507 -0.004854913722436082 -0.0032453911649632794 -0.0012067513719646332 -0.003879144155865757 -0.0025887704804642806 -0.0009449670246664168 -0.0017333598138698507 -0.0006411104887626804 -0.0002812047922316873
2 1 1 -0.007826143223928729 -0.005902024852123755 -0.004425312695740961 -0.003739351562320581 -0.0044859469461212085 -0.0033576770913873706 -0.0028135352217571476 -0.0025246384997439936 -0.0021214147817904794 -0.0018512701080845527
2 1 2 -0.0017287681025220931 -0.0012634343328320522 -0.000989572814393475 -0.0012611461719665667 -0.0009282473362217422 -0.0007265379078845131 -0.0009205994550358476 -0.0005692589693388971 -0.0007212804474175716 -0.000925360055174324
2 2 0 -0.00013892209152803006 -0.00013265936656866372 -9.259553862354197e-5 -3.9595455746644114e-5 -0.00012673062195492382 -8.843082083661319e-5 -3.778007760593791e-5 -6.173138987096415e-5 -2.640709415227339e-5 -1.1428079401115463e-5
2 2 1 -0.0023331784209241094 -0.0021199635057664173 -0.0016123047918026202 -0.00119609976787194 -0.0019311262011233725 -0.0014666867743403401 -0.0010846551778730107 -0.0011157391883161853 -0.0008278247944421806 -0.0006285683197053169
2 2 2 -0.0003185185168487852 -0.00028398084397261497 -0.00021925316558674772 -0.00022088023837647536 -0.00025366767143725086 -0.0001957693848294769 -0.00019684290334321582 -0.00015112402737399618 -0.0001519795805323632 -0.00015345691314706556
3 1 -1 -3.7527684886365376e-7 -3.691030829348209e-7 -2.2538569643517015e-7 3.808063757687518e-9 -3.6303336532256716e-7 -2.2168015477080698e-7 3.742887665375724e-9 -1.353670478406635e-7 2.279325294540195e-9 -6.182678042207539e-11
3 1 0 -4.454264536093755e-5 -4.41426727181907e-5 -2.8419648474584194e-5 -5.313042940709066e-6 -4.374937103633e-5 -2.8165866234885287e-5 -5.262309327649523e-6 -1.8138828578931922e-5 -3.4105720782405067e-6 -7.359779812043962e-7
3 2 0 -0.00023324006773093708 -0.00023650478329406588 -0.00016117179831521726 -6.003279743489718e-5 -0.0002399427899067469 -0.00016352146033661065 -6.090848296419927e-5 -0.00011148565388198631 -4.1651475562075564e-5 -1.6020918144809996e-5
3 2 1 -0.0012671018248393698 -0.001312844251166397 -0.0009703391529613105 -0.000628895252361352 -0.0013623399771504287 -0.0010069403808265602 -0.0006520872635252757 -0.0007448249511480526 -0.00048383977172384695 -0.00032064251013800627
3 2 2 -2.286215154967408e-5 -2.294515918741392e-5 -1.7467771400146086e-5 -1.5295487754989215e-5 -2.3035980715872267e-5 -1.7536456161471138e-5 -1.5349359005011864e-5 -1.3350213922876628e-5 -1.168537235449366e-5 -1.0236470105741644e-5
T3 -0.26267343792271597 1.1543503090230607 -0.13048438565896409 1.4631475491771104 0.4331691534919904 0.8374888157945095 0.029149642605964143 0.4376207938294699 -0.1274832493805162 1.3362260012530076 1.564210522923099 0.37863344006672045 0.22841792881444783 0
N 79
-2 4 -1 3.941667096274998e-6
-2 5 -1 1.855984075156693e-6
-1 2 -1 5.7952411971225366e-5
-1 3 -1 0.0006448874317494909
-1 4 -1 0.0017439013997636108
-1 4 0 9.20426488240601e-6
-1 5 -1 0.00015227907316791228
0 1 -1 2.118507435840139e-5
0 1 0 1.0881682812316845e-6
0 2 -1 0.002128261760596258
0 2 0 0.0003645839348632768
0 3 -1 0.0027557930209310007
0 3 0 0.0019057481958672903
0 4 -1 0.001861664745536278
0 4 0 0.00309384385589842
0 5 -1 0.00026877583364336003
0 5 0 0.00038725692226712193
1 1 0 2.7951640792747078e-5
1 2 -1 0.0002842575029586139
1 2 0 0.0038885825158027363
1 3 -1 0.0003448699854013812
1 3 0 0.00853469705304346
1 3 1 0.0001576353001263089
1 4 -1 1.983190249077426e-5
1 4 0 0.006908599822699253
1 4 1 1.387921198529185e-5
1 5 0 0.0015303665943570176
2 1 0 1.3100349277921086e-5
2 1 1 1.684911671723016e-5
2 2 0 0.0020119713927622177
2 2 1 0.0022205849812546403
2 3 0 0.005701551216460522
2 3 1 0.0046913139523843345
2 4 0 0.0065971214714569005
2 4 1 0.001740610611133551
2 5 0 0.0027220651604081087
2 5 1 4.727080686423485e-5
2 6 0 5.944621235200675e-6
3 1 1 2.977165918612712e-5
3 1 2 2.244592536453552e-6
3 2 1 0.0038156237921935024
3 2 2 0.00043629663064302226
3 3 0 0.00028385999498747893
3 3 1 0.007813938684292417
3 3 2 0.0002922987965067275
3 4 0 0.0019079843953764969
3 4 1 0.00599995909147782
3 5 0 0.00195371500611903
3 5 1 0.0022347931275528777
3 6 0 9.527055065626944e-5
3 6 1 9.032234184566668e-5
4 1 2 3.4151997975041316e-5
4 2 1 0.0002779992801753006
4 2 2 0.00358996839264436
4 3 1 0.002113297042329427
4 3 2 0.0032603759707983044
4 4 1 0.004528346125338044
4 4 2 0.0004958786904421721
4 5 0 1.2259967352855756e-5
4 5 1 0.0042370510621236365
4 6 1 0.0007244279507356826
5 1 2 1.4931175223886788e-5
5 1 3 2.142552952867177e-5
5 2 2 0.0015755236479499575
5 2 3 0.0006955451761983625
5 3 2 0.002245119967358731
5 3 3 1.4500513810873995e-5
5 4 1 0.00024880181951269153
5 4 2 0.001661370464309531
5 5 1 0.0012488891402807993
5 5 2 0.00031260112219616554
5 6 1 0.0007003495044010013
5 6 2 2.160129482693695e-11
6 1 3 1.2067147475536318e-5
6 2 3 0.00017848794360103538
6 3 2 4.685549855343313e-5
6 3 3 3.403825584991077e-5
6 4 2 2.165799689525985e-5
6 5 2 8.699306451124682e-7
T3 0.42762497812375094 1.0903226362571579 1.0397460153250544 0.219738499852366 0.9138602402998333 0.47657361684225147 1.212474421624708 1.0361213211223592 0.4587400820544792 -0.11911626909829182 1.202891987005868 1.134460171896053 0.47196725478959434 1
N 10
-1 2 1 -8.214130284862237e-7 4.30893646489769e-9 -9.155958630520494e-7 -7.669943037908132e-7
-1 2 2 -0.00010026795091331788 3.0060380331018764e-6 -0.00011711943939669741 -0.00010602116920314312
0 1 1 -6.436617639435155e-5 -1.8075994225491712e-5 -6.027351371794681e-5 -3.325064554250979e-5
0 2 1 -0.006938994705012245 -0.002204783452754201 -0.007304383765218196 -0.00546373116846428
0 2 2 -0.0018761570141804047 -0.0004067739988678287 -0.0021103795106722704 -0.0018645605201802376
1 2 0 -1.3286670679698791e-6 -1.0987955382855976e-6 -1.3157417059181606e-6 -6.242961132105532e-7
1 2 1 -0.0054697506803834004 -0.003501100761222961 -0.005740726726737973 -0.0038246493934257406
1 2 2 -2.8546430510996868e-5 -1.408019368213174e-5 -3.0984320044398495e-5 -2.739546683512717e-5
2 2 0 -3.5485788324000597e-6 -3.8633748738511495e-6 -3.632593024948199e-6 -1.6614762018235503e-6
2 2 1 -0.0002718705460759419 -0.00027460449861988314 -0.0002830505331275754 -0.00014808732763491066
T3 0.45305964821286954 0.7305974786590881 0.04459612262234308 1.6220526669530566 1.210873848155965 1.2794300431015755 0.17998031313214718 0.6185466309890832 1.3873357810416722 0.578804150391427 0.7222643338784509 1.3901024467622485 0.41554886988578577 2
N 17
0 1 0 6.730456132232642e-6 2.7330091266032456e-6 4.77792396175713e-6 2.483007290253125e-6 1.1101451172185748e-6 1.9402831725654417e-6 1.0076695404834177e-6 3.3918836321425726e-6 1.7623436929761478e-6 9.248135924750155e-7
0 1 1 0.00021965568343190045 8.441160125377904e-5 0.00015325441948332814 0.00015159149503420283 3.2562398582434044e-5 5.8938236291294843e-5 5.80928388039411e-5 0.00010694412720767739 0.00010567493319261952 0.00010701286984033744
0 1 2 0.0008667473824005306 0.0003105481724717793 0.0005921140276581521 0.000930581120272632 0.00011276776274908878 0.00021266500213708593 0.00033263025443180743 0.0004047039605431972 0.000635279920776972 0.001010754667363074
0 1 3 0.0004966718716859354 0.00016932201129231362 0.0003344453624944055 0.000654214868779613 5.909767430932329e-5 0.00011447566761562614 0.00022295183370730243 0.00022538283003168812 0.0004404851194838623 0.0008624899636536211
1 1 0 0.00042041218971303575 0.00022198833337247912 0.0003183192293092788 0.00013476400878042967 0.00011904023424444193 0.00016884224088242143 7.169725823444427e-5 0.00024134065849372089 0.00010222302472285922 4.5382869578006295e-5
1 1 1 0.0024966555419493087 0.0014082541996777173 0.0019101917059842896 0.0016395763829515364 0.0008109002787505432 0.0010842305722241396 0.0009267936486200061 0.0014643880802964638 0.001254530670340994 0.0011099899011709222
1 1 2 0.00502973574061109 0.002931865903535648 0.0038424063825629206 0.005317336143210174 0.0017497294630662598 0.0022555732031587787 0.0031024153805428974 0.002942173786445443 0.004061712037014936 0.0056921948855477205
1 1 3 0.0020371622088417867 0.0011992788592765033 0.0015477140542397314 0.0026698250334397586 0.0007243673883248746 0.0009180137936218246 0.0015713053829311443 0.0011788396953013689 0.0020280347294341634 0.0035016916838831592
1 2 0 9.894813603995418e-6 7.196660619824116e-6 8.331851305517569e-6 3.833344741280738e-6 5.238200027492834e-6 6.061558371437394e-6 2.789705161462583e-6 7.016482120933012e-6 3.2284477721134507e-6 1.489775123342667e-6
1 2 1 0.0005582655946924185 0.00042918129171144194 0.00047655188453091636 0.0003773609310561382 0.0003305833022632636 0.0003666137974355249 0.0002904625614510553 0.00040691117693738226 0.0003221452439944458 0.00026138790986827704
1 2 2 0.0012179481989783023 0.0009505773739660188 0.0010372379076697407 0.0012815764277443896 0.0007431155534970029 0.0008099180359039687 0.001000598356630362 0.000883549432761097 0.0010913055774926094 0.001365655466157897
1 2 3 0.00036656276137532907 0.0002877674752137815 0.00031140696178756514 0.00047638071114681336 0.000226264270298606 0.0002445510919620259 0.00037398855056387906 0.00026460925271592703 0.0004046889191038596 0.0006194407627854072
2 2 1 0.00045383400850475665 0.0004187660845418955 0.0004169733665109982 0.0003332525337899948 0.00038869421598848646 0.0003857327710555507 0.0003083070245627868 0.00038353140784690035 0.00030647433477874823 0.00024726010968361317
2 2 2 0.003214401650281881 0.003209476194135967 0.0030324879444265534 0.0034622931474952885 0.0032455921536673573 0.0030456485144554394 0.0034619138760866625 0.0028687748756905645 0.0032674760649814864 0.0037708808687362022
2 2 3 0.001131408731888532 0.00113072594609798 0.0010610433341837631 0.0014621753578352836 0.0011449010519394623 0.0010669333158764467 0.001460610759594115 0.0009980341820154065 0.0013708847952679265 0.001890448418926365
3 2 2 0.0003764050931545457 0.0005016498475124161 0.00040934781871201036 0.0004350132400164467 0.0006702423858972329 0.0005462707498785045 0.0005803486318381389 0.0004454847162000108 0.000473296719570889 0.0005046147750771811
3 2 3 0.0001981955146363268 0.0002686011892698203 0.00021685786254231157 0.0002529396051115061 0.0003653143699961355 0.00029446251279823855 0.0003427369830712017 0.00023753108717779862 0.00027672991730336556 0.0003228618267460478
T3 0.6564932753195072 1.2124362283176107 0.36148977223685447 1.0137885555748978 1.025990985640447 -0.25015304751983675 0.22751401037094193 0.5897684081979342 1.256695344483853 1.1070829207448873 0.5054624244787262 0.37026382793353446 0.2317298559713329 0
N 40
0 2 5 -8.79084001888729e-9
1 2 3 -6.776594337449198e-5
1 2 4 -0.0006758213224583416
1 2 5 -2.7426505010692056e-5
1 3 3 -0.0005217444310212239
1 3 4 -0.00024825917669538556
1 4 3 -8.803621646494859e-9
2 2 2 -0.00017833528962717593
2 2 3 -0.0013009843175412342
2 2 4 -9.242084356043505e-5
2 3 1 -0.00035915011344575054
2 3 2 -0.004093255371768101
2 3 3 -0.0021118814079607957
2 3 4 -4.4035548540931664e-9
2 4 1 -0.0009963462310886165
2 4 2 -0.0012300682949373252
2 4 3 -1.9849508980300106e-5
2 5 1 -4.826966132729727e-5
3 2 1 -0.0003633019845940414
3 2 2 -0.0016620502398452175
3 2 3 -8.708191886067085e-5
3 3 -1 -2.102655684768397e-7
3 3 0 -0.0014494489536536104
3 3 1 -0.006425558239428942
3 3 2 -0.0020916374525219625
3 4 -1 -0.00024158264272447141
3 4 0 -0.002673512497222606
3 4 1 -0.003150025444443081
3 4 2 -3.811511594792305e-5
3 5 0 -8.468897043321515e-7
3 5 1 -1.6873177224763198e-5
4 2 0 -4.582787297454287e-5
4 2 1 -0.0012981592090249878
4 2 2 -8.194860478946664e-5
4 3 -1 -0.00015682880571657527
4 3 0 -0.0015874746080107344
4 3 1 -0.0008085503345004045
4 4 -2 -3.8062756101132455e-7
4 4 -1 -0.0005538443354381894
4 4 0 -0.00010134525831791618
T3 0.14361259145417443 -0.2766436979799753 1.4483526138996787 1.632665295320552 0.7206363230471442 0.6692741297256173 0.5446049809520532 -0.12749859663288826 0.9134595997859429 0.7553169484069671 1.4961002510692343 1.1934815851317506 0.3985984975145278 1
N 28
0 -1 2 0.00019714716137334432 7.530689703952183e-5 -2.3994271747533727e-5 0.00023137975268369029
0 -1 3 0.0029150167191068365 0.0009240471648989795 -0.0003081497709466346 0.0038110133614785197
0 0 2 3.1307405638913847e-6 1.2364219039508126e-6 4.646886799873867e-8 3.7268518943207405e-6
0 0 3 0.0017839574579256734 0.0006396607421134841 0.00020510100615308592 0.002339437258736364
0 1 3 4.690722180812124e-6 1.8439318749822656e-6 1.9444348114805245e-6 6.275507265421231e-6
1 -1 2 0.0034987020258105605 0.0017926076923904081 -0.00018800615235587098 0.0037396273341646826
1 -1 3 0.0009739360627568864 0.00043354593543145904 -4.507515037973207e-5 0.0012085701599500187
1 0 2 0.02420739948912102 0.015482871158986737 0.004728626388139558 0.02580724094354424
1 0 3 0.0058329390175137765 0.0028280835644790767 0.0011590860034967547 0.00724455545341009
1 1 2 0.01377507982590838 0.00945346571806614 0.007874571016710212 0.015147979213183413
1 1 3 0.003647614372058655 0.001983638148647379 0.0020739558628862335 0.004520699057606787
1 2 2 0.005032662878846333 0.0036368418422696217 0.004795762110970226 0.005711238760249724
1 2 3 0.001140068245575525 0.0007167731922551477 0.0010769827723414525 0.001392537696308458
1 3 2 0.0006150131403113721 0.0004632475569939603 0.0007875796007184198 0.0007166381793737043
1 3 3 8.86051688495839e-5 6.216216379572974e-5 0.00011224929091541967 0.00010685879705936024
2 0 1 4.934461293813283e-5 5.681916222811303e-5 1.807893240902182e-5 3.89358939010129e-5
2 0 2 0.010086041972951942 0.00924311917688377 0.002983041597609978 0.009535716341688765
2 1 1 3.17056973647053e-5 3.7402700359799416e-5 1.3547174370781524e-5 2.507173727248112e-5
2 1 2 0.019157949497275124 0.018753704759500483 0.01109194646609761 0.018431028081765975
2 2 2 0.008054363666745707 0.007702119466737642 0.007659079171271577 0.008242907634531645
2 3 2 0.000607328093203094 0.0005293878976856886 0.0007662157679798118 0.0006717372233014905
3 0 1 3.1571163612020718e-6 3.7948374967167433e-6 1.2432059468331266e-6 2.456241420310948e-6
3 0 2 2.241589276049307e-7 2.685373783912591e-7 8.892780473240147e-8 1.798465849521288e-7
3 1 1 0.002102776438272889 0.002904891043327057 0.0012976776526520248 0.0016064138320419615
3 1 2 0.0032396375583030944 0.004087483007647776 0.002010080876141643 0.0027144563679046287
3 2 1 7.666104915167882e-5 0.00010979280143620738 6.327343383705625e-5 5.965416952071256e-5
3 2 2 0.0009106028234991024 0.0011572202291372175 0.0008001787721181059 0.0007863549340553067
4 1 1 4.2605862559293986e-6 6.833817669870612e-6 3.047286507547992e-6 2.9063332676397603e-6
T3 0.5443590783986167 0.7933647787163982 0.392101646265737 -0.23444888346128473 0.1801449736982244 1.6840639649515248 1.0456037623437517 0.42684959830925023 0.2813022628005977 -0.05038661503298919 0.8823499121103586 1.0523899101109768 0.285813721328652 2
N 28
-1 0 4 2.173240567163024e-5 -4.555468548567157e-7 5.876066252028504e-6 3.065219375470756e-5 1.355271206919177e-8 -1.2454201399699327e-7 -6.449125473268318e-7 1.5918890648688194e-6 8.286601767822725e-6 4.323640218721915e-5
-1 0 5 0.00014140877659747094 -1.664840351876404e-5 3.578956041662725e-5 0.00021456070288388587 2.2679119142619214e-6 -4.169847054861673e-6 -2.559363490941903e-5 9.123943617879071e-6 5.4212403624004786e-5 0.0003259499440915335
-1 1 4 0.0007574734192664755 -3.619623890030347e-5 0.00032425503636515017 0.0010070693541112251 2.5581588247048695e-6 -1.5657951006555873e-5 -4.890620820676243e-5 0.0001431291867943613 0.0004285745838510954 0.0013413738031012852
-1 1 5 0.0001466708722340155 -1.7711573709551834e-5 4.846833858586024e-5 0.00021548962279278305 2.265729990430381e-6 -5.903599888568304e-6 -2.612257552673263e-5 1.619021404003098e-5 7.11566525718846e-5 0.0003167391234767549
-1 2 3 0.00011345846113885914 -2.3124750696911543e-6 8.589866135620462e-5 0.0001244102968622086 7.410932360159544e-8 -1.7725916537798546e-6 -2.5517375317616253e-6 6.534039096876944e-5 9.402863426056761e-5 0.00013653625366714107
-1 2 4 0.00018962908065931047 -8.173543639614658e-6 0.00011977845443097697 0.0002273573456496715 4.901627219485374e-7 -5.190000525317044e-6 -9.93133843381634e-6 7.598777484395316e-5 0.00014343747663680048 0.0002728431257222295
-1 3 3 5.315653969428333e-6 -1.1025214610080568e-7 4.601224444173833e-6 5.4758834436427325e-6 3.2077066828751545e-9 -9.552096927337265e-8 -1.1454348287332674e-7 3.982965231309241e-6 4.739909373083507e-6 5.6420592632305665e-6
0 0 3 3.7458200448369914e-7 9.947559035222943e-8 1.060191548758164e-7 4.236136607232986e-7 2.644727146221002e-8 2.8155396124411025e-8 1.1246803330216153e-7 3.000856020818109e-8 1.198949788956145e-7 4.790917764516578e-7
0 0 4 5.7357988587627057e-5 4.421190911852198e-6 1.5521210411553706e-5 7.562441518820674e-5 5.390174154259171e-7 1.2090987075293694e-6 5.63223630374334e-6 4.2079357297264115e-6 2.0445912973056684e-5 9.990863925372253e-5
0 1 2 1.3729897088837694e-6 3.8518821898297196e-7 7.77862977806715e-7 1.1706531714397544e-6 1.0808627055655916e-7 2.1821981974509106e-7 3.2841634236683064e-7 4.407170744812359e-7 6.632231411623222e-7 9.981538917230048e-7
0 1 3 0.0022771851012483592 0.0004417321147020708 0.001105622782831297 0.002367801088707938 9.328101208613476e-5 0.00021246451094016948 0.00045335440112690225 0.0005451419100743393 0.001145364373750731 0.0024718077381250666
0 1 4 0.0013817352602343526 0.00010088572730141745 0.0005690121174521919 0.0016821911726121871 1.0792999127703336e-5 3.9593683741219816e-5 0.00012091690649933264 0.0002410283506214567 0.0006901038514047522 0.0020517299393885626
0 2 2 0.0008767629796593755 0.0002148429753245968 0.0006433527573346504 0.0007120015709685498 5.349484502487132e-5 0.00015679220878964917 0.0001741297637208312 0.0004749677481544589 0.0005216938245855845 0.0005792453233244715
0 2 3 0.0029366116314873364 0.0004245555913311789 0.001995753012296358 0.0028412867695552717 7.611378017811025e-5 0.0002829953845597276 0.0003988505347158093 0.0013716988328651974 0.0019274608922199075 0.002764307949388487
0 2 4 5.2188030968286416e-5 8.765299613273234e-7 3.1128816666046336e-5 6.050582122116953e-5 2.2504354331985112e-8 5.178784176522289e-7 1.0129780861654956e-6 1.8585528635959906e-5 3.6085499609825554e-5 7.015675898005858e-5
0 3 3 5.484457260472376e-6 1.5976904795338957e-7 4.726489812555342e-6 5.337652190261719e-6 7.421594437016161e-9 1.3754773661055766e-7 1.5213519235282592e-7 4.073337642668327e-6 4.60008708673824e-6 5.19894544258744e-6
1 0 3 4.108104846578065e-8 1.2029204574841e-8 1.168608328646003e-8 4.535781108088626e-8 3.52355704213193e-9 3.4219544481122815e-9 1.3280309815748217e-8 3.3243160071338624e-9 1.2902559778284234e-8 5.008102946044275e-8
1 1 2 0.0018279650114130404 0.0008501312153034301 0.0009237963475594845 0.0013966702329734626 0.00040323313374105563 0.0004275826427443123 0.0006441537988167839 0.0004715661555592623 0.0007039589167017873 0.0010739364887002824
1 1 3 0.0011827283965338247 0.00041076679038938487 0.0005306792832933994 0.0010939981120583586 0.00014509735054322852 0.00018286169113147536 0.00037882646833988626 0.00024301707352184827 0.0004885775295621373 0.0010148345799178423
1 2 1 0.00071909676716977 0.0003672148599340247 0.0005132290153902034 0.00037586292740695524 0.000188701335841454 0.0002612720839296253 0.00019155911357320631 0.00036768717591031226 0.0002677436053516119 0.00019748034919443315
1 2 2 0.004097747530197275 0.0016507077136890165 0.0027149318518427668 0.002874195812982773 0.0006863521298744025 0.001087517615662948 0.001142014637365417 0.001811818483165104 0.0019000265895401931 0.0020374157662189337
1 2 3 8.620099122707187e-5 2.6160957510767767e-5 5.1570165740645874e-5 7.539250032152973e-5 7.955690264363386e-6 1.5642807572139e-5 2.2875478999776265e-5 3.0888775584229794e-5 4.5096050139182557e-5 6.595450537426074e-5
2 1 1 0.0010000080462308518 0.000747291096933408 0.0005135634122253853 0.000490865680744804 0.0005620185342671909 0.0003827228002401291 0.0003643586926033921 0.00026542714900242074 0.00025167136459088507 0.00024374941597382459
2 1 2 0.0007836780995276683 0.0004928444027681909 0.0003749780840893327 0.0004974421254525049 0.0003112498188718471 0.00023518872873162604 0.00031213042952395236 0.00018161086637156029 0.00023694564571924992 0.00031730431144298693
2 2 1 0.0009362297278786875 0.0006066830751749161 0.0005871110524458989 0.0004477994868019872 0.00039582733537734305 0.0003794632623007102 0.000288491597757954 0.0003696383280509859 0.00028020728673925347 0.00021684028364259914
2 2 2 0.00010346445484834169 6.126429835247162e-5 6.15454425654746e-5 6.127407694057142e-5 3.6301812932982144e-5 3.6434387324763385e-5 3.627281424224492e-5 3.663864730334955e-5 3.644215689775803e-5 3.631200800672947e-5
3 1 0 1.5239420725343466e-8 1.5816524203851183e-8 6.568927614771759e-9 4.338447544429962e-9 1.6415661384297717e-8 6.817543504227271e-9 4.50271415412619e-9 2.831647464258282e-9 1.870095219240719e-9 1.2351062873092285e-9
3 1 1 0.00018841825120880244 0.00017041884881873812 8.888324295162283e-5 7.091189274259202e-5 0.0001543888214889834 8.031283566856482e-5 6.396944412160983e-5 4.210164691196451e-5 3.3371717602679315e-5 2.692939428853316e-5
T3 -0.29505062339145266 1.216199663708214 1.251664972775847 0.6190479576063554 1.3802663140713547 1.3588252874893014 0.24630048502783836 1.3547133150393587 0.9545670087791185 -0.07956418730666409 0.7835433868094517 1.1794583563178713 0.2326813823535443 0
N 19
-2 4 5 -9.5016365080913e-6
-2 5 5 -5.0802422558495294e-5
-1 3 4 -7.211349757389892e-5
-1 3 5 -0.00037871370526543544
-1 4 4 -0.0005760482927257395
-1 4 5 -0.002620087579052957
-1 5 4 -0.0004872531473956859
-1 5 5 -0.0019178121950152766
0 3 4 -1.4151580952401861e-5
0 3 5 -0.00010809622091018795
0 4 4 -0.0021272338288404937
0 4 5 -0.003589784281607134
0 5 4 -0.004228524025119594
0 5 5 -0.0039036847678964115
1 4 4 -1.6667958488240513e-6
1 4 5 -0.0003547042729561498
1 5 4 -0.001430924958836083
1 5 5 -0.004229673661838562
2 5 5 -0.00040418424202507785
T3 0.04998418703745272 0.02452787523632055 0.7159379666420163 0.30381755747949307 1.4922677109886238 1.6188175317398625 0.14030077922930656 1.2154462651330447 1.4873532363789617 -0.26214735543173145 0.35556768367088704 1.3164117441468381 0.49942164132418654 1
N 8
-1 0 1 6.366120086291963e-5 -1.5449376696923014e-6 1.4331717898610029e-5 6.061543593181854e-5
-1 0 2 0.0006486400125542305 -5.779637269402147e-5 0.00026134463438672127 0.0007529268435800063
-1 1 2 0.0012434243770286652 -6.883076250766983e-5 0.000815059403294266 0.0016373488098568392
0 0 1 0.0003541882004254127 1.883739380296985e-5 0.0001058757517449006 0.0003271976774750416
0 0 2 0.0002910231217038252 1.2744137790800734e-5 0.00012937380841712275 0.0003045187708508211
0 1 2 0.0033862200500359135 0.0002684483512845293 0.0026704206412478874 0.004309888746835089
0 2 2 0.0013541972991325995 0.00019981338467140063 0.0014844567813544866 0.0019465960693134208
0 2 3 0.0003767130358287669 7.589020508947648e-5 0.00047711771001559866 0.0005757693626977436
T3 1.1376193165696618 -0.14642704065182083 0.5939418200873601 1.4530613557849261 1.022407214681994 0.3708242830710196 0.652708660685805 1.1436832889058424 -0.2986521079806372 0.03638602572945021 1.5666954647615985 0.7295029949068803 0.40432292370778755 2
N 30
0 2 0 4.1756709423431266e-5 1.6490118455819236e-5 5.0010876003477965e-5 1.574793129612584e-5 6.514323467257875e-6 1.9748564207207723e-5 6.216869265666513e-6 5.990252877468485e-5 1.885739632592824e-5 5.957620644175849e-6
0 2 1 0.0018244877271303194 0.0006724984901226842 0.002111671457260466 0.001076576539195635 0.0002492321818096058 0.0007775942302367946 0.00039552836284667905 0.002447333135669615 0.0012443707962301119 0.0006439123069034145
0 3 0 0.0018224571455605592 0.0006566227095864717 0.0024082555131600698 0.0006034861393383152 0.00023861943515686746 0.0008660168059497054 0.00021620677579889478 0.003185836257295149 0.0007978235397383108 0.00020555601541257301
0 3 1 0.010398681684888307 0.003054423646768469 0.014097640340862768 0.005931690052690934 0.0009514520914836171 0.004104641897396851 0.0017156730938093464 0.019169191759871064 0.008055077946006153 0.0034477027077649764
1 0 1 1.0578692205072903e-5 8.488137712738095e-6 4.174103352118494e-6 6.524974992549093e-6 6.8109664297363145e-6 3.349090481723758e-6 5.235238892158346e-6 1.6476060336959067e-6 2.5742381564836043e-6 4.026524586722196e-6
1 1 -1 7.355907591101056e-5 5.8251747179389407e-5 5.782324388904343e-5 -1.4838613809941547e-6 4.613842300727457e-5 4.578438623661103e-5 -1.1745482813854596e-6 4.54758143485443e-5 -1.1723701340935479e-6 4.41617523807762e-8
1 1 0 0.005518371660277541 0.004191833303270463 0.004022751866951463 0.0014972339077051258 0.0031919009230527125 0.003051236893756078 0.0011310148100184677 0.002952879378633048 0.0010811998132901712 0.00046085839162034956
1 1 1 0.009907328608467214 0.007175640401735015 0.006734316671117665 0.005249717682693573 0.005231903022936044 0.004850882033587254 0.0037918478206587724 0.004661211773421182 0.0035602177259300345 0.002823902845502408
1 2 -1 0.008994455129924462 0.006349775662021137 0.009558427899601154 -0.0007657441699568673 0.004518372532014852 0.006718974393847681 -0.0005388233362784964 0.010227286087763795 -0.0008235415854083057 9.758258639195019e-5
1 2 0 0.039991689327780584 0.026810416205903197 0.041704416406145355 0.008907860073213392 0.01830264063584505 0.027803179909523048 0.005894930449601666 0.04398386028272219 0.009272698075195296 0.0025080685072669073
1 2 1 0.02945524017387671 0.018108578362265072 0.030205509418545884 0.015206666944341639 0.01147475431784243 0.018475230565082306 0.009284930119425192 0.031351517006828394 0.01557600182403762 0.007978515758077474
1 3 -1 0.00015046440641047288 8.155585826601982e-5 0.00018452441536533892 -4.899490121356273e-6 4.431722869361945e-5 9.998976891826572e-5 -2.665196256361302e-6 0.00022631065194743023 -5.9954397446847656e-6 2.552630647679544e-7
1 3 0 0.008369519327216808 0.0045361779025001716 0.010523797699166232 0.002194974361375865 0.0025307900839798324 0.005691910272172481 0.001198078607093574 0.013241400880838163 0.0027666141646180446 0.0006595860526043397
1 3 1 0.009387396302758136 0.0051449666470125945 0.012023654693875743 0.004807345777175807 0.002921586490223081 0.006571981954211143 0.0026209219669169363 0.01541967824536572 0.006162091888195715 0.0024968963722507577
2 -1 1 0.00033049411843506576 0.000366917122201299 -1.209831892881976e-5 0.00018657168196235517 0.0004075268217896809 -1.3497973935972902e-5 0.00020713588242577522 7.086084150435948e-7 -6.900967364752189e-6 0.0001054516168396625
2 0 0 0.0027632851918453546 0.0027680525593765637 0.0009261201010819349 0.0009850151144024382 0.0027805463027790827 0.0009264608956507595 0.0009885954276978707 0.0003183236450150238 0.0003283001242246782 0.00035492099497914204
2 0 1 0.014220994905657935 0.014728659727639199 0.0036831746133047807 0.00719256586573169 0.015360891739784834 0.0037766458067541053 0.0074353059706672615 0.0010994048679049545 0.0018455664238827658 0.0036757531142456593
2 1 -1 4.4110257786212444e-5 3.6292269553007896e-5 3.4487292570778006e-5 -4.826396555538001e-7 2.986512698503782e-5 2.8378019311962618e-5 -3.957131943788926e-7 2.6982166099137052e-5 -3.7983237982601005e-7 8.421209792797138e-9
2 1 0 0.03150615464496853 0.030609916260298835 0.020322109437352746 0.008844547826296038 0.030073747005398 0.01973748950878176 0.008706163598194006 0.013477945735559781 0.005615651977885905 0.0027306919014263437
2 1 1 0.02331714588289604 0.022933502890369842 0.013920516368499046 0.011217176357424684 0.02285326542960312 0.013681303564761861 0.010987856175365919 0.0086234236429342 0.006679218296092593 0.005451592117323378
2 2 -1 0.0025274980584291612 0.002172528179848992 0.002579254678817868 -0.00010767341750021055 0.0018712471739844997 0.002218521830868169 -9.14142703355565e-5 0.0026470242099608603 -0.00011178826199912673 7.2689861307495755e-6
2 2 0 0.04494313760289707 0.04388840760737536 0.044215702884514006 0.010551581744460359 0.043401350458749335 0.04312235873542674 0.01044449973752901 0.04394260331062529 0.010385435930979707 0.0029986186440955115
2 2 1 0.015429579907396365 0.014881316598387748 0.015229666525726068 0.007127304328906241 0.014531086077739366 0.014662499747922055 0.006849149984911626 0.015222402913755335 0.007028599265946236 0.00331463369275013
2 3 0 5.970366373289626e-5 4.9605531532157e-5 7.285658041596881e-5 2.2088770251542438e-5 4.1233053812674006e-5 6.053185020546552e-5 1.8361841786241782e-5 8.890905569741131e-5 2.6958008503460863e-5 8.214524593853593e-6
2 3 1 0.0003259319032134136 0.0002765461949356172 0.0004004049018221328 0.00015507397425851643 0.0002349287125522829 0.0003396887975007821 0.00013157963377511463 0.0004919361355071148 0.0001905424790332025 7.414905529677752e-5
3 0 1 0.00026049499140535365 0.00032074491967762066 8.763966383850648e-5 0.00012841749718165685 0.0003949825282343361 0.00010797465639458848 0.00015811522489632968 3.02053952407366e-5 4.3035549417093774e-5 6.338892634929829e-5
3 1 0 0.0012973596079420826 0.0016297629779469692 0.0009403552980883143 0.00048102356877358885 0.002048789015309982 0.0011822293093749524 0.0006046456552434215 0.0006870600173301783 0.00034792691059695654 0.00017922595931755772
3 1 1 0.0024585885201052725 0.0031044652029939643 0.0015412325819074456 0.0010854811981292603 0.003923274946575527 0.0019495370658936804 0.0013700369648325657 0.000995013711488675 0.0006771364320075529 0.00048049813031518013
3 2 0 0.005464470010838946 0.007019902944139684 0.0052277734611934955 0.0018472338228478732 0.009032499004487871 0.0067159464213685655 0.0023780233070815346 0.005029725440457216 0.0017634050389335654 0.0006362619254681592
3 2 1 0.0010419279080191115 0.0013206155439257565 0.0009596285541890459 0.0004383040536766313 0.0016755539024879513 0.001215464454710801 0.0005553320495192863 0.0008902761221782558 0.00040345141999276033 0.00018453031175135826
T3 1.0936433040732314 -0.19906133877736137 0.724112615891604 0.7602665422645181 1.0120866991304125 1.6253878111865439 1.4829201637905818 0.43850179120423755 0.33145896136307257 -0.19401389167823718 0.21887289125646597 0.3605273562551055 0.24748073125582576 0
N 79
-1 0 1 0.000524773388051988
-1 0 2 8.649836568724022e-9
-1 1 1 0.00033886952926318406
-1 1 2 0.00013631431548255133
0 0 1 0.0024686737231247513
0 0 2 0.0009861425664624082
0 1 1 0.0016964136068787483
0 1 2 0.005012560480689083
0 1 3 0.0004666159065874432
0 2 3 0.00015281990646157095
1 -1 2 8.573641264617796e-8
1 0 1 0.0024624888644558594
1 0 2 0.006303632333864003
1 0 3 2.095047129897548e-5
1 1 1 0.0027915660668763114
1 1 2 0.01098193881648513
1 1 3 0.005278296716279221
1 1 4 1.3478057889250992e-6
1 2 2 1.7023799313661825e-5
1 2 3 0.0034561271754458165
1 2 4 0.0016606397835370603
1 3 4 2.0582706875678868e-5
1 3 5 3.5374150961127866e-6
2 -1 2 0.000493244402960027
2 0 1 0.0017857849574102799
2 0 2 0.01239736763201159
2 0 3 0.0019345666754106794
2 1 1 0.0037869725708265718
2 1 2 0.013116741946147915
2 1 3 0.012388601469858092
2 1 4 0.0012769862813873335
2 2 2 0.0003461721266300497
2 2 3 0.0062098703185033775
2 2 4 0.009806656308167232
2 2 5 0.0007788949327393688
2 3 4 0.0005588681290589475
2 3 5 0.002667385131869269
2 3 6 0.00011767535966605868
2 4 6 8.074769145919627e-8
3 -1 2 0.0027948696935260475
3 -1 3 0.00033720805870384807
3 0 1 0.0012167840997020303
3 0 2 0.013849941999717185
3 0 3 0.008577966601524331
3 0 4 0.00014053593983789922
3 1 1 0.004682525950395553
3 1 2 0.014347885417696306
3 1 3 0.015069845933101119
3 1 4 0.006473906384127446
3 1 5 1.697901023482283e-8
3 2 2 0.0012372142825586672
3 2 3 0.00833205594598034
3 2 4 0.013673919483407827
3 2 5 0.0027393194014407865
3 3 4 0.0015823425407033855
3 3 5 0.0044517671777509205
3 3 6 0.0004073034838568514
3 4 6 5.493995921794032e-6
4 -1 2 0.0024375649504691163
4 -1 3 0.0008332511557961615
4 0 1 0.0007569341991650193
4 0 2 0.011776126575110828
4 0 3 0.004702411595855834
4 0 4 1.673931603651332e-5
4 1 1 0.005478226205583257
4 1 2 0.014716910363499527
4 1 3 0.008000157929336116
4 1 4 0.0005179606504592439
4 2 2 0.0026966752439708894
4 2 3 0.006814254482614144
4 2 4 0.0019589532292319323
4 3 4 0.0002234553277014233
5 0 1 0.00020719695716619107
5 0 2 0.0007302784567613995
5 1 1 0.004018055146679237
5 1 2 0.0030072706772627227
5 2 1 1.071528043461445e-5
5 2 2 0.0008723234036396681
5 2 3 5.648405098997611e-6
T3 1.5527110221941107 0.7613287062586058 1.4216943057193883 0.029576949665859165 1.1806473155215749 0.1922867419419501 0.8226055120642493 1.6872859286752189 1.2574936765892704 1.1401162055884078 -0.19627331955281163 -0.26734440054062086 0.44499355836362964 1
N 32
0 1 0 0.000502225791543579 0.00020076302914941125 0.0004187994894155394 8.164459173305044e-5
0 2 0 0.004517442823235858 0.0014143529166142886 0.004800291648636522 0.0014648157292208458
0 2 1 0.0020145853773422357 0.0007770154680675174 0.0024116613978737472 0.0010401629192556088
0 3 1 0.00012467919890418733 5.006280390340907e-5 0.00016990610118602285 8.099832945125962e-5
1 0 -1 0.00045850077037181845 0.0003688299976259435 0.0001371797562881446 -1.9770824943788758e-5
1 0 0 0.001155337731238308 0.0009597106015097652 0.00044736629964734306 9.406538971895821e-5
1 1 -1 3.592764041865139e-5 2.2279256561768634e-5 1.7421250708487158e-5 -4.785787576027598e-7
1 1 0 0.013065934383357306 0.009205820308626522 0.008917816458819222 0.0036421455811060364
1 1 1 0.005561530100302254 0.0044841560777992345 0.004522956099020343 0.003019011468920477
1 2 0 0.0020508392565167415 0.0010734346680693352 0.0019523389811757 0.0007966268090967857
1 2 1 0.025390594797025105 0.017604202901118218 0.027429255620873918 0.01724111486316853
1 2 2 0.00323079078320317 0.0026819957331379895 0.003989493663434359 0.0030637060952714936
1 3 1 0.001146909420217419 0.0006646512109097789 0.0015840700865262004 0.0009320552634480198
1 3 2 0.004130016629966776 0.0032263007359796107 0.005959037718057548 0.004285902946749708
2 -1 -1 0.0003968354594374151 0.0004409949798580935 -1.9888275706066762e-5 -5.1069086192821626e-5
2 -1 0 1.0984213561276751e-5 1.3075928448042095e-5 -1.2275454353213167e-7 2.1651706012146822e-7
2 0 -1 0.0012709473622639909 0.001289110450319128 0.00013426704784481134 -7.319527655397142e-5
2 0 0 0.009285353867766846 0.00987231572194989 0.002715728163416488 0.0019718746174738084
2 0 1 0.001554215806225764 0.001907661896988444 0.0005982679943749732 0.0008383908155498594
2 1 0 0.004560090475370921 0.004427528995608592 0.0024483084608332 0.0016389289729856732
2 1 1 0.021230260856573098 0.022546195473346048 0.014639304798380213 0.014183655619393104
2 1 2 0.006471432639218845 0.0078663951086433 0.005143166787754321 0.00654408983614103
2 2 1 0.005234319410573523 0.004987475073503054 0.005126080535986084 0.004187338429421807
2 2 2 0.016283007426688333 0.017249320193093578 0.017503286244243983 0.017321200145019946
2 2 3 3.099179959035548e-5 4.007307509619473e-5 3.303207363402e-5 4.166590847298511e-5
2 3 2 0.001227371292724099 0.0011569063972607814 0.001720397488572682 0.001440257799402496
3 0 1 9.113870226728094e-5 0.00012352383964881614 3.624981193065327e-5 6.602615197205284e-5
3 1 1 0.0001697125870638587 0.0002304362785673413 8.410429574476237e-5 0.00014267661495576022
3 1 2 0.0023884027552758176 0.003319761393428728 0.0017264133461675785 0.0027480952474698817
3 1 3 0.0001570276395319965 0.00023061807874058204 0.00012792616657818324 0.00021359839536030687
3 2 2 0.0001390496613763076 0.0001884949838540313 0.00012791102897388674 0.00018079916137073645
3 2 3 6.813944940327804e-5 9.412171246835518e-5 6.412358860625458e-5 9.225597891167575e-5
T3 0.2586588647125388 1.0823825772083346 -0.08885029926956961 0.24406799245196825 1.550658707605152 0.1004927197247188 1.4325122141401099 0.33445285221931337 -0.16942921641421965 0.7697633392174483 0.24318742525826692 0.0892576517646087 0.30412968794890505 2
N 26
0 3 -1 -0.0001612618204037328 -4.659773830914618e-5 -0.0001827999871384355 7.721325027624064e-6 -1.3484106626631161e-5 -5.280605113196555e-5 2.2253962558908034e-6 -0.0002076090601544427 8.603343201680261e-6 -4.4447813417968886e-7
0 3 0 -2.2097660751118874e-6 -6.625485155072698e-7 -2.665041191195255e-6 -1.0143529824813455e-8 -1.98674769071707e-7 -7.990325443793533e-7 -3.0500366134991447e-9 -3.2142619243799373e-6 -1.2254668893889711e-8 -7.449925018994221e-11
0 4 -1 -3.956077933222932e-5 -1.1151943634790079e-5 -4.9176343600460555e-5 4.214913549844502e-7 -3.1499596944123827e-6 -1.3859811929925444e-5 1.1791292946666671e-7 -6.114209646093924e-5 5.209864554583116e-7 -6.628575205060202e-9
0 4 0 -0.00029153882161365145 -8.313169795594095e-5 -0.00039978205507580546 -1.4582073081672364e-5 -2.375582451648888e-5 -0.00011390790497529305 -4.151757239954958e-6 -0.0005496587467295975 -2.0504894843301358e-5 -9.466263242744304e-7
0 5 0 -1.3816926277161192e-6 -3.5184751920965804e-7 -2.1114349800079664e-6 -1.3226882171803617e-7 -8.963642877686874e-8 -5.376542023224162e-7 -3.3681642493229855e-8 -3.2266381543538928e-6 -2.0213660828588782e-7 -1.2669007557857568e-8
1 1 -1 -7.382669860505828e-7 -4.4435264249481323e-7 -4.452818665928385e-7 1.567556565404083e-9 -2.6746767472850464e-7 -2.6800415637475465e-7 9.454886111218118e-10 -2.685810135630122e-7 9.470670225779583e-10 -5.3254091154997615e-12
1 1 0 -8.554601123242605e-5 -5.072648646796668e-5 -4.9883106518970405e-5 -2.438016997173996e-6 -3.009134435259445e-5 -2.9572661201403604e-5 -1.4502011025121442e-6 -2.911953826572704e-5 -1.4200505532771547e-6 -8.600843924398688e-8
1 2 -1 -0.002461437866005222 -0.0013067409465431752 -0.0020354339544071324 8.979237057445896e-5 -0.0007008711923871004 -0.0010777947051673039 4.807956259207787e-5 -0.0016933563957273012 7.582301461794461e-5 -4.8314185338326675e-6
1 2 0 -0.00238739617195605 -0.001313348698964938 -0.001890411205569249 -8.578041620662076e-5 -0.0007262010975227634 -0.001036602085585876 -4.761137141329804e-5 -0.0015124990052093896 -6.815822320530418e-5 -4.410265489115342e-6
1 3 -1 -0.004386152893527157 -0.0019878796932267405 -0.004494571760246322 0.0001606111455735717 -0.0009293395145673105 -0.002026688043586223 7.203293082999685e-5 -0.004628705535503627 0.00016152997013201733 -8.490541909617876e-6
1 3 0 -0.004519205448281837 -0.0021550739920509258 -0.004837400737842505 -0.00015664267689790215 -0.0010476676340946064 -0.002295905561791523 -7.415677821424183e-5 -0.005211540020923265 -0.00016754826839652606 -7.757397220824774e-6
1 4 -1 -3.307411867813487e-5 -1.1132654065823728e-5 -4.073985109887934e-5 2.070476035646871e-7 -3.768138396308276e-6 -1.370964135430953e-5 6.834717113174921e-8 -5.018692215310101e-5 2.544042006021062e-7 -2.073825062263929e-9
1 4 0 -0.001541604271672211 -0.0005844061579675703 -0.0019876003965339497 -7.642563113409522e-5 -0.00022560379360293226 -0.0007514946461015895 -2.865907926190297e-5 -0.002567136951692676 -9.942790407816904e-5 -4.520587121638786e-6
2 0 0 -6.262609838783635e-5 -5.130612296976339e-5 -1.7977348765278448e-5 -3.7303525746830156e-6 -4.216658750201745e-5 -1.472986829185344e-5 -3.0086122567047978e-6 -5.170259076848503e-6 -1.0673972130443484e-6 -2.40349695141102e-7
2 1 -1 -0.0015844183334571464 -0.0013144342445052942 -0.0008584890226631209 4.37713521390275e-5 -0.0010968622005852052 -0.0007104436022742365 3.704895761208721e-5 -0.00046932049169415665 2.4307262593013634e-5 -1.924298988695441e-6
2 1 0 -0.0030649942153757317 -0.002284759625597301 -0.0014866393133435997 -0.00011008069665567193 -0.0017193137246878187 -0.0010994190914031066 -7.991553594954768e-5 -0.0007398935196138601 -5.236974320668285e-5 -5.44876302214539e-6
2 2 -1 -0.007511404322186225 -0.005697293184968008 -0.00568780245960076 0.00037549181135324163 -0.004373312404424619 -0.004297930876955385 0.00028884775329658717 -0.004355949859803106 0.0002845881501165715 -2.534802792386662e-5
2 2 0 -0.002458225716485665 -0.0016728759217131406 -0.0018013875709947443 -6.572929832480242e-5 -0.001145251245837099 -0.0012236616080923111 -4.362633098423364e-5 -0.0013375027620383705 -4.736164895059652e-5 -2.6900773231101497e-6
2 3 -1 -0.0011850290832325864 -0.0008107397513999131 -0.0011508464586939598 3.218294306304849e-5 -0.0005580049815784604 -0.0007864947970750631 2.1986331793752252e-5 -0.0011200299723108384 3.082514433426296e-5 -1.2590634191099533e-6
2 3 0 -0.0004954874343673348 -0.0003204774019589022 -0.0004940124959004156 -7.193535444113646e-6 -0.00020770270178839325 -0.0003192722232119935 -4.591710027449513e-6 -0.00049437263243944 -7.094476531314785e-6 -1.611756659897367e-7
3 0 -1 -1.0465712345144056e-5 -1.0883739547804322e-5 -3.105874994652607e-6 2.1841905928163572e-7 -1.1339564263844413e-5 -3.2305711931761964e-6 2.3467303877597888e-7 -9.220607257871317e-7 6.514114813660183e-8 -7.293437294535943e-9
3 0 0 -1.2947595432748246e-5 -1.2233854931448899e-5 -3.7730549654865263e-6 -1.8523540815290483e-7 -1.15650312741277e-5 -3.5651022871298733e-6 -1.730955390212193e-7 -1.1004960300377847e-6 -5.369915851821036e-8 -3.4430793293719075e-9
3 1 -1 -0.0037837708652866996 -0.003957126578539035 -0.0018656353446543296 0.00028709027852871153 -0.004163753265374951 -0.0019469958066497797 0.00030744598522355464 -0.0009400517232109332 0.00014521598209317208 -2.618106382775203e-5
3 1 0 -6.318247348262751e-5 -5.8864135576519606e-5 -2.2549262261960847e-5 -4.540172087465562e-7 -5.485463256975013e-5 -2.099406979471291e-5 -4.2115309582903867e-7 -8.13865061404831e-6 -1.567231418142577e-7 -5.145251962791747e-9
3 2 -1 -0.0015079723548623975 -0.0014727458731754602 -0.0010167500117597343 0.0001231184954988154 -0.0014419659168930278 -0.0009916507938443695 0.00012083177488892239 -0.0006893125454618865 8.248761116799604e-5 -1.0850114104780459e-5
4 1 -1 -0.00041488073329987987 -0.0005271130733293864 -0.00017287337570435338 5.492250225606407e-5 -0.0006704320138523031 -0.00021927014854754948 6.994597470659965e-5 -7.289694276138391e-5 2.292275583494975e-5 -7.3587568426196695e-6
T3 0.5013781172902523 1.1920319447551766 0.9202240618849074 -0.2311277258065762 0.9392813651268568 1.3513570808106274 0.6942121932224088 1.0028000855545958 1.0269758348384797 0.3941761219508198 1.3821417006259142 0.8344329661252787 0.2466098945112325 0
N 18
-1 3 5 1.2814815577147148e-5
-1 4 4 1.3558747150895861e-5
-1 4 5 1.608166304739841e-5
0 3 4 4.6700165315985805e-6
0 3 5 3.1729077150516994e-6
0 4 3 3.453298573023447e-10
0 4 4 0.0003214602509755632
0 4 5 1.3134103455115094e-6
0 5 3 9.91988282748362e-7
0 5 4 8.599419368075372e-7
1 3 4 8.398533638635379e-7
1 4 3 0.00022555877213375025
1 4 4 0.0004864915683629851
1 5 3 0.00014857939988837255
1 5 4 2.3817146079426102e-8
2 4 3 0.00011640697096646811
2 4 4 0.00010379846289026946
2 5 3 7.762087487761459e-7
T3 0.3100614128664552 0.6657552250539245 1.6230759597788131 0.2404999916241775 0.9530253989369377 0.9365689533636543 1.2404407657308345 1.2251893236886924 1.414354538283985 0.0015660333886631794 0.2923964353454343 0.44572404033017393 0.3195126920713367 1
N 27
0 0 1 7.285169956451143e-6 1.3566963646804732e-7 2.2783176302751867e-6 3.4908896505359294e-6
0 1 1 0.0010774296748718914 0.00010785880476484645 0.00045254237043641847 0.0006372502214614844
0 1 2 0.00858744687236694 0.0016979307820971102 0.004646423686780765 0.00681783954837915
0 1 3 0.003516334871464859 0.0008477475708619757 0.00206002603353536 0.0038043818297567827
0 1 4 0.00039042641832768676 0.00010623493395591338 0.00024122454387565432 0.0005248478956481493
0 2 2 0.0049501062689362935 0.0012170531359625147 0.003640931400657585 0.004332491943260062
0 2 3 0.00703951208473507 0.0019272684275006237 0.0053320402372784214 0.007671743649986921
0 2 4 0.0015194719994485232 0.0004482086283529347 0.0010663551071940604 0.002090100882868266
0 2 5 2.3844391703516584e-6 7.461826597644528e-7 1.5975020854804333e-6 3.827623506952171e-6
0 3 2 4.102133064296868e-7 1.1491748004680306e-7 3.93923124135255e-7 3.919445310486742e-7
0 3 3 6.5179397926624656e-6 1.996942684614791e-6 6.274675912636795e-6 6.351259958846049e-6
1 1 2 0.00110509278061995 0.00039727733303308144 0.0006712446734060866 0.0009315386555202645
1 1 3 0.0005210932429970815 0.00018056030179184764 0.00032405943090362373 0.0005547811183023247
1 1 4 1.2449024435044254e-5 4.072023428448758e-6 7.895287297266882e-6 1.6308320309190647e-5
1 2 2 0.00451884164799278 0.0018745614103165727 0.003320571780622833 0.004087666099149965
1 2 3 0.023766313346014593 0.010975409825145888 0.019368279214592353 0.026468606413004716
1 2 4 0.009330824057151948 0.004355249771287256 0.007396895335018374 0.01289058976804982
1 2 5 5.8904164196109106e-6 2.0356129002804626e-6 4.058335051679036e-6 9.444761485420455e-6
1 3 3 0.0018177003508038272 0.0009894540429639712 0.0017896939724244363 0.0020334793753596946
1 3 4 2.3820520302864187e-5 1.483600066377053e-5 2.3024345491464754e-5 3.085232545128909e-5
2 2 2 9.120406055385111e-7 5.870188364863119e-7 7.132789401217876e-7 8.709404632165231e-7
2 2 3 0.0042081237322114376 0.002985695588876652 0.003782975074016102 0.004846386102168406
2 2 4 0.0022835260820830245 0.0016104744422639646 0.0020900109725251787 0.00313341462739493
2 3 3 0.004498215040211862 0.0035324357525540417 0.004572491927917845 0.005430161119361343
2 3 4 0.0032417248432922317 0.002714082438065684 0.003298656909217825 0.004368307174831879
3 3 3 0.00018141431830150556 0.00017877124727375994 0.00019404046364615815 0.00022804222093809686
3 3 4 0.0014525990852508983 0.001502651010367272 0.0016206405981927048 0.001963804524517983
T3 1.082870239118655 1.0751795301007487 1.1312855303895215 0.32783181327506733 0.6793523876135288 1.0713628287000947 0.12260122988367811 0.35385707998356947 1.274456783549813 1.3113344687677106 1.664082398070695 1.273242029152357 0.22779222992691112 2
N 24
0 1 5 5.2226783398943065e-5 1.0066083136041837e-5 2.2392136109079033e-5 6.54641654891687e-5 1.9607596087811625e-6 4.333417745324103e-6 1.2615335585257305e-5 9.620671314285178e-6 2.8061636301066146e-5 8.206408738318706e-5
0 2 5 2.898996179410046e-5 6.298642697109281e-6 1.3692847332660434e-5 3.560886223141931e-5 1.370342631302123e-6 2.9761431605545864e-6 7.737518750519219e-6 6.472141766163969e-6 1.6814014943531888e-5 4.3750198182241925e-5
1 1 5 3.713239024455417e-6 8.739142322014641e-7 1.6706108131434439e-6 4.657608646676956e-6 2.0580381225259599e-7 3.932116693224105e-7 1.0961721603227382e-6 7.516906859347654e-7 2.0954701995834656e-6 5.842258286860114e-6
1 2 4 0.00011070727805077818 3.867138674936506e-5 7.254469507670428e-5 0.0001241513089941373 1.3607398828085429e-5 2.5396590471044207e-5 4.337489262068213e-5 4.758978214363403e-5 8.134346103220563e-5 0.00013924833767315486
1 2 5 0.0015470362153539544 0.000550109251073068 0.0009271209543157268 0.001872460319866959 0.00020056586839535382 0.0003337222212542955 0.0006655141135069927 0.0005601747777768458 0.0011210756882137861 0.002267958592549653
1 3 4 0.0002854631305330333 0.000118579983780851 0.00020719571566718843 0.00031716037357932956 4.946472142193374e-5 8.620115080642263e-5 0.00013178039968544396 0.0001505844259010302 0.0002301888374745357 0.0003524525335943491
1 3 5 0.0003244061652935836 0.00013986882854985546 0.00023042322966545026 0.00038474960337589107 6.041354263260095e-5 9.939459303068182e-5 0.00016594086806702958 0.0001637997002575611 0.0002732243752658754 0.0004566933502061506
2 2 5 0.0001586277811064798 7.645983857206488e-5 0.0001052540212871477 0.00019182229892683342 3.6920695792119964e-5 5.074990525132048e-5 9.245968284414564e-5 6.987651706629947e-5 0.0001272697311262113 0.00023201698416841325
2 3 4 0.0009401549167264243 0.000525564992328845 0.000772812472826843 0.001052949131688273 0.0002973653919120049 0.0004339479367489663 0.0005887507505465141 0.0006372797583851922 0.0008655935013579981 0.001179416641468848
2 3 5 0.0033810164399763138 0.0019276579638675968 0.0027105019864506735 0.0040353569385100955 0.0011112664625489799 0.0015535712554592218 0.0023003699564547917 0.0021846461810714857 0.0032346901152074765 0.0048198254601960954
2 4 4 0.00010556722814588238 6.747728004738527e-5 9.909609182675212e-5 0.0001193048272040501 4.322047821196806e-5 6.336284735231438e-5 7.625884350892127e-5 9.3068822948598e-5 0.00011199723750790087 0.00013483378018291843
2 4 5 0.0005460806303492217 0.00035619881421451656 0.0005162205947801045 0.0006494398525820728 0.00023262381156814212 0.0003368559433720503 0.0004237110530721725 0.0004883321135002343 0.00061382855829511 0.0007730237119082467
3 3 4 0.0001302425452002205 9.407574720037366e-5 0.00011555009228508596 0.00014650957937243874 6.805649670500064e-5 8.349264723485338e-5 0.0001058322289388723 0.0001025525214520513 0.00012997938686091365 0.00016481991837092035
3 3 5 0.0006305634909148376 0.0004611913845989312 0.0005509328521640031 0.0007419183327290009 0.0003381499988421077 0.0004031991764652082 0.0005425067337307459 0.000481832534527594 0.0006482231515963858 0.0008732283972712853
3 4 4 0.00038600068875482927 0.00030616863944224297 0.0003716982546266469 0.0004359501175710461 0.0002442881633308485 0.0002951880324125691 0.00034580373005187886 0.00035831959736484233 0.00041983286193200827 0.0004923812245957708
3 4 5 0.003774748820552082 0.003002697374905671 0.00385526034515268 0.004490929887097059 0.0024023590500851988 0.003073035939277864 0.0035713479714445744 0.003951108864022319 0.004588229013632472 0.005346655747758676
3 5 5 0.0005189997666190653 0.0004541095550073965 0.0006095047803873618 0.000628626258217572 0.0003976676738740219 0.0005334625263852841 0.0005500869915659554 0.0007161315596410878 0.0007382701757800404 0.0007617768597592535
4 4 4 9.100826097774252e-5 8.830865356115186e-5 9.390560818995734e-5 0.0001031495202950793 8.58562931450942e-5 9.119691313774353e-5 0.00010009404317432025 9.695825007589633e-5 0.00010643742600714944 0.0001169120880936847
4 4 5 0.000734804585391657 0.0007077932681530686 0.0007933663010160041 0.0008570117095902464 0.0006829386811669747 0.0007645828211900529 0.0008253125797925116 0.0008578761749103346 0.0009255596553990338 0.000999806114720198
4 5 5 0.0019983884297350616 0.002010394084644709 0.002489635834969834 0.0024156467605274626 0.002028815622983204 0.002507796441326073 0.0024297003657653238 0.0031090347312435584 0.0030110452074523664 0.0029212541207068654
4 6 5 0.00028447622135086036 0.0003120122199468697 0.00039968585647068636 0.0003522793557204995 0.0003424276725499295 0.00043849393945401385 0.00038638120149023323 0.0005617670314025568 0.0004949855905701428 0.0004363014458042582
5 5 5 3.241893092868298e-5 3.7386073996726644e-5 4.3117363787816705e-5 3.890906941634827e-5 4.311822290717435e-5 4.9727089254568654e-5 4.4870741402828e-5 5.737260767684539e-5 5.175739999925428e-5 4.670169284341508e-5
5 6 5 0.0002737921704594569 0.0003239254210377482 0.0004035908510110589 0.0003398761265929573 0.00038349748687848485 0.00047780785890145117 0.00040215162204897223 0.0005957048098538468 0.0005011837319776288 0.00042197237266057715
5 7 5 7.2337965064672445e-6 9.197450572569178e-6 1.1660372203906619e-5 9.154396343531802e-6 1.1695295934651834e-5 1.4826647708143242e-5 1.1639481567244913e-5 1.879701318866289e-5 1.4756438952312778e-5 1.158501106414845e-5
T3 -0.03981077314892428 -0.0021377242179518308 1.0822439925354395 1.3730255043021333 0.914509982170068 0.46024962520584883 0.21692443322579652 0.8734018126537151 1.066473179351583 1.29424928743513 -0.2890949651288272 0.8923035724538135 0.3185104799534214 0
N 34
-1 -1 3 3.446418270028226e-7
-1 0 3 1.1746822183986779e-5
0 -1 3 0.00014103696550894022
0 0 2 9.973209013375956e-5
0 0 3 0.004453629880126229
0 1 2 1.560120961179945e-5
0 1 3 0.0029831864429838363
0 2 3 0.0008071711331441526
1 -1 2 1.9479248065883787e-5
1 -1 3 0.0007561514491113338
1 0 2 0.0043286312615665075
1 0 3 0.005743884043063205
1 1 2 0.008063942210648711
1 1 3 0.006156046309588795
1 2 2 0.002543896811197738
1 2 3 0.0017931532259159236
2 -1 2 0.0014526972346461178
2 -1 3 0.0005063922008582775
2 0 2 0.010467117528229406
2 0 3 0.001479703637346408
2 1 2 0.015044168336731122
2 1 3 0.00038354792993555275
2 2 2 0.0048657840524915265
3 -1 2 0.002665768359925944
3 0 2 0.00625170360299848
3 1 1 0.0004285243041278849
3 1 2 0.006473671538312773
3 2 1 0.0022744411943859304
3 2 2 0.0018286858919521307
4 -1 2 3.8436589686450205e-5
4 0 2 0.00011755491343691938
4 1 1 0.00014056597289789272
4 1 2 9.496586500370053e-5
4 2 1 0.0003006527771494853
T3 0.0008271235007611399 0.3091604190924982 0.8182921074647285 -0.24494674760621765 1.6001373347161725 1.4770759643503693 0.3592658814766188 1.489285572088128 0.752620957222774 0.25069172859161154 1.5529527343875176 1.3703024713917398 0.45399625030619406 1
N 14
-1 0 1 -1.6339633101969355e-5 1.0925684570402535e-7 -6.844238502701035e-6 -1.4141683030298096e-5
-1 1 1 -3.901114199327565e-5 3.4237212674675457e-7 -1.9555978725155193e-5 -3.490583809562689e-5
-1 1 2 -0.0011826560026186807 3.457698504882306e-5 -0.0009137057801046508 -0.0012023517203602764
-1 2 2 -0.0055537167945843785 0.0003038927348397135 -0.0065298922448819114 -0.006600865648421757
-1 3 2 -0.0036941784511050893 0.00022564400071934317 -0.005387486519581739 -0.004770539772587891
-1 3 3 -0.0014066430867646102 0.00016369471179363874 -0.002143947367076477 -0.0019612503341224635
0 0 1 -7.915609245276543e-5 -1.274824859153035e-6 -3.305266212239922e-5 -6.710842294631012e-5
0 1 1 -0.0017860209542056983 -0.00014654348877403452 -0.0012612769783569 -0.0015536057032783483
0 1 2 -0.003646307778007884 -0.00021031829632339795 -0.002883599093732174 -0.00355879742717626
0 2 1 -0.00279501489739863 -0.0005781576497777568 -0.003211588514018458 -0.002410737356456823
0 2 2 -0.021581713158296278 -0.0024667760597235754 -0.025443726265751327 -0.023246531135563953
0 3 1 -0.0010862326392674748 -0.0003113418484957716 -0.0015571742667456322 -0.0009325600665570016
0 3 2 -0.016318375861016338 -0.00243424634530484 -0.02376129816380652 -0.018919033720862625
0 3 3 -0.00037403119972515 -2.6874072181034164e-5 -0.0005744782749725804 -0.0005152663172433777
T3 -0.01444388431765481 0.2616031536318045 1.6156965242133554 0.2491806757054434 0.207723523707043 -0.21860616360389534 1.323150913201933 0.20711638413373895 0.6862959125466139 0.11906990431470038 0.7590599270991405 1.3087145366924149 0.4349619530650052 2
N 20
-1 0 3 -1.1979925734964612e-5 4.3259165362481046e-8 -3.284561474968615e-6 -1.8925405083566557e-5 -2.499321520695912e-10 1.1751712012195396e-8 6.86500089616647e-8 -9.018968563858543e-7 -5.1890111100451575e-6 -2.9901270931227974e-5
0 0 -1 -0.0007566048573766739 -0.00022590993047479988 -0.0001735098578392679 4.192467847973302e-5 -6.932926906785919e-5 -5.1605517920615207e-5 1.2166526978841983e-5 -3.995829930942955e-5 9.425917906811664e-6 -3.6802750506724176e-6
0 0 0 -0.01230897034900222 -0.0037415600623871242 -0.0035138336703499505 -0.0032947116458388573 -0.0011965867129527829 -0.0010608424932760767 -0.0009953809047581427 -0.0010299139072054526 -0.0009705780045315957 -0.0010481292760899106
0 0 1 -0.025786189880812348 -0.007405907760684051 -0.008484501006056489 -0.017039120963772716 -0.0023157400486336853 -0.0024387713075960534 -0.0048702502465601955 -0.002880253113512585 -0.005618850525167563 -0.011657833288132271
0 0 2 -0.029655462884686092 -0.007585460253292739 -0.009976028254861003 -0.03231144440736306 -0.002256775020118967 -0.002553112315344928 -0.00822186716267471 -0.003447850243654465 -0.010873581314233707 -0.03566504937386465
0 0 3 -0.007855487409175566 -0.0011456901658006436 -0.0025988012486047977 -0.010935327893313737 -0.00022490515338435452 -0.0003761913648206154 -0.0015710672554317675 -0.0008805451478160205 -0.003614707562584756 -0.015253857931494882
0 1 0 -1.1185249520831442e-6 -2.2512879205843314e-7 -4.889453392737954e-7 -4.797854437916761e-7 -4.535142292076971e-8 -9.840768500651509e-8 -9.657551870968955e-8 -2.1373782136525182e-7 -2.097334766572612e-7 -2.0582576208421073e-7
0 1 1 -0.006630730558500343 -0.0017872593807055162 -0.0031811571645999717 -0.004950706082344849 -0.0005202588179958952 -0.0008536872107869396 -0.0013389622114741006 -0.001533344772544486 -0.0023835173678445768 -0.003751387411865016
0 1 2 -0.025473874500636793 -0.006380307949163697 -0.013637614891900319 -0.02807440434312426 -0.001804748753161607 -0.003385382347741029 -0.006967219803951604 -0.007411717542015334 -0.015076900300586326 -0.03128868414340611
0 1 3 -0.0028708964370689634 -0.00038293870001589414 -0.0014857879040739395 -0.0038924879974084714 -5.82052952277318e-5 -0.00019758424449180237 -0.000516241144536215 -0.0007806900259167692 -0.0020120811069850816 -0.005282079730679446
1 0 -1 -1.4694666418261848e-5 -6.662253790510831e-6 -3.133481127249519e-6 2.2802899184755303e-7 -3.023516807546779e-6 -1.4203481813056389e-6 1.0254363991804281e-7 -6.684116013111215e-7 4.83684106766917e-8 -5.6616156793751154e-9
1 0 0 -0.007393357426220375 -0.004263461092054919 -0.0018729128843594071 -0.002289412289105361 -0.002541859789264808 -0.0010714046781406922 -0.0013430816809473923 -0.00048184021680061667 -0.000588626094455636 -0.0007760210532561503
1 0 1 -0.03009515335448987 -0.019014078912918963 -0.00926145196303725 -0.020389166634531313 -0.01246604189592663 -0.005802941006419645 -0.012920738518942649 -0.002942026737827837 -0.00633426457857343 -0.014257563143181877
1 0 2 -0.021126747762894436 -0.012833968382743229 -0.0069077846391149104 -0.021257026645998944 -0.008083314901913826 -0.00418318750170903 -0.012815329371229665 -0.002330110416490186 -0.006942517575255109 -0.021569127268719793
1 1 1 -0.0011272987014222732 -0.0005760921715340957 -0.00051471479766371 -0.0009082606575549398 -0.00029831939775593595 -0.00026266769538488255 -0.0004652570958973664 -0.00023533073690221797 -0.00041501713697244885 -0.0007345726338641537
1 1 2 -0.005988216237915777 -0.003214671709185908 -0.0028992074433830672 -0.006071108219095023 -0.0017620179762453659 -0.0015498490245984286 -0.0032477386788663703 -0.001411198055441322 -0.002944080998882982 -0.006190186237386703
2 0 0 -0.0001366986153427327 -0.00012421223829030885 -2.9963522272873696e-5 -5.499738489094755e-5 -0.00011298945005166298 -2.7213971503360403e-5 -5.000835342097755e-5 -6.577294413234038e-6 -1.2065647016437439e-5 -2.221422886487636e-5
2 0 1 -0.00876092341286447 -0.008699126022712438 -0.0022887577990671542 -0.006216002749832701 -0.00870716502719691 -0.002261857166033491 -0.006174558556117337 -0.0006098277012291677 -0.001639502619429436 -0.004502818882656819
2 0 2 -0.0011759865798824558 -0.001081127457560827 -0.00033807882858686005 -0.0010638847737684724 -0.0009955408052614145 -0.00031020532255585353 -0.0009776191096430985 -9.974841775693216e-5 -0.00030554823663472185 -0.0009632410792432499
3 0 1 -6.593697794293751e-7 -8.634131573147924e-7 -1.3807079198488166e-7 -4.5363432462245014e-7 -1.1306064406268502e-6 -1.8079571765138944e-7 -5.940114141874912e-7 -2.891340700110328e-8 -9.499257960928802e-8 -3.1210778463245554e-7
T3 0.33356476420320186 0.7000385580062176 0.4818982666594683 1.1535989824643293 1.4442083295137962 -0.008648174931048025 1.5950730494975425 -0.15496597580229138 -0.12720589065619342 0.6072773057979017 0.7651914106906486 0.5925619056391562 0.4007610932873773 0
N 22
0 1 1 -7.646028303233404e-5
1 0 0 -1.4656930524062497e-6
1 1 0 -0.007687084878763697
1 1 1 -0.007220395370804426
1 2 0 -0.005433794912623267
1 2 1 -0.0018640698127513524
2 0 0 -0.004818087714109215
2 1 0 -0.020510488311780543
2 1 1 -0.00019736067009118859
2 2 -1 -1.968442695882524e-5
2 2 0 -0.014413035843982378
2 2 1 -2.473317094473876e-6
2 3 -1 -2.9205256665986485e-5
2 3 0 -0.0012198087375761644
3 -1 -1 -0.0002110565157435124
3 0 -1 -0.0015377728404354942
3 0 0 -0.0031652364609348243
3 1 -1 -0.000774876913580362
3 1 0 -0.0017129706688109201
3 2 -1 -0.0002504959586985919
3 2 0 -0.00020652527366750092
3 3 -1 -1.2741956263659653e-6
